page_id,page_title,page_ns,revision_id,timestamp,contributor_id,org:resource,bytes,intentionality
2730,|Tierra|,0,17329,2003-06-30T13:35:39Z,195.204.127.218,Anonymous,1421,wikification
2730,|Tierra|,0,58132,2003-11-07T02:34:25Z,67.28.17.82,Anonymous,3445,wikification
2730,|Tierra|,0,85502,2003-12-02T01:09:25Z,24.232.250.130,Anonymous,3505,wikification
2730,|Tierra|,0,94929,2004-01-18T20:13:07Z,80.58.23.42,Anonymous,3703,elaboration
2730,|Tierra|,0,101596,2004-02-18T08:49:17Z,24.232.248.135,Anonymous,3744,wikification
2730,|Tierra|,0,113828,2004-02-24T05:03:22Z,200.70.72.238,Anonymous,4036,
2730,|Tierra|,0,119659,2004-03-16T13:56:05Z,83.154.170.139,Anonymous,4083,wikification
2730,|Tierra|,0,128803,2004-03-31T02:03:43Z,24.232.248.135,Anonymous,3684,wikification
2730,|Tierra|,0,220660,2004-08-08T05:34:50Z,200.76.234.134,Anonymous,4602,"wikification,elaboration"
2730,|Tierra|,0,370394,2004-11-30T03:37:05Z,200.58.74.212,Anonymous,5453,copy-editing
2730,|Tierra|,0,418899,2004-12-20T22:44:07Z,80.102.164.190,Anonymous,5452,
2730,|Tierra|,0,498496,2005-02-24T16:50:32Z,200.3.94.200,Anonymous,13358,copy-editing
2730,|Tierra|,0,507955,2005-03-03T17:01:40Z,200.87.128.82,Anonymous,13369,wikification
2730,|Tierra|,0,525521,2005-03-08T16:30:38Z,195.145.160.203,Anonymous,13366,
2730,|Tierra|,0,525524,2005-03-15T13:58:27Z,196.40.86.188,Anonymous,13366,vandalism
2730,|Tierra|,0,533282,2005-03-15T14:01:33Z,196.40.86.188,Anonymous,13366,copy-editing
2730,|Tierra|,0,555442,2005-03-21T00:27:49Z,80.58.12.170,Anonymous,13363,wikification
2730,|Tierra|,0,555447,2005-04-02T13:52:32Z,62.83.171.42,Anonymous,13364,fact-update
2730,|Tierra|,0,581107,2005-04-02T13:57:00Z,62.83.171.42,Anonymous,13364,
2730,|Tierra|,0,722796,2005-05-26T09:58:28Z,216.239.65.249,Anonymous,15746,vandalism
2730,|Tierra|,0,728856,2005-06-01T15:44:25Z,83.147.149.229,Anonymous,15896,fact-update
2730,|Tierra|,0,734848,2005-06-01T15:48:10Z,83.147.149.229,Anonymous,15902,fact-update
2730,|Tierra|,0,776395,2005-06-11T14:28:17Z,80.58.37.236,Anonymous,15904,refactoring
2730,|Tierra|,0,995449,2005-07-16T01:29:58Z,201.240.194.113,Anonymous,16194,wikification
2730,|Tierra|,0,1060134,2005-07-30T03:52:50Z,70.187.166.113,Anonymous,16851,verifiability
2730,|Tierra|,0,1068809,2005-07-31T23:53:06Z,200.43.37.86,Anonymous,17040,elaboration
2730,|Tierra|,0,1068814,2005-07-31T23:54:13Z,200.43.37.86,Anonymous,17046,wikification
2730,|Tierra|,0,1068820,2005-07-31T23:55:19Z,200.43.37.86,Anonymous,17062,
2730,|Tierra|,0,1207602,2005-08-25T01:59:28Z,200.89.172.90,Anonymous,17000,"elaboration,verifiability"
2730,|Tierra|,0,1440209,2005-10-06T11:31:57Z,80.58.22.170,Anonymous,15313,
2730,|Tierra|,0,1475095,2005-10-12T23:12:42Z,200.49.105.51,Anonymous,17562,"vandalism,elaboration"
2730,|Tierra|,0,1533517,2005-10-23T16:51:29Z,201.138.109.235,Anonymous,17493,elaboration
2730,|Tierra|,0,1536762,2005-10-24T01:05:44Z,201.249.134.168,Anonymous,17473,vandalism
2730,|Tierra|,0,1549716,2005-10-26T15:57:30Z,83.45.134.118,Anonymous,17093,
2730,|Tierra|,0,1552947,2005-10-27T01:12:06Z,200.21.87.165,Anonymous,17485,wikification
2730,|Tierra|,0,1649967,2005-11-13T22:48:42Z,201.240.105.186,Anonymous,17489,
2730,|Tierra|,0,1698609,2005-11-24T07:54:56Z,195.235.92.222,Anonymous,17444,copy-editing
2730,|Tierra|,0,1698613,2005-11-24T07:56:06Z,195.235.92.222,Anonymous,17443,copy-editing
2730,|Tierra|,0,1771457,2005-12-06T14:39:33Z,66.73.6.113,Anonymous,17461,
2730,|Tierra|,0,1816855,2005-12-13T01:53:00Z,201.239.146.75,Anonymous,17096,
2730,|Tierra|,0,1852467,2005-12-18T00:10:19Z,66.31.26.16,Anonymous,17580,"fact-update,wikification"
2730,|Tierra|,0,2085247,2006-01-18T01:16:41Z,201.144.90.21,Anonymous,20543,"elaboration,process"
2730,|Tierra|,0,2087641,2006-01-18T11:09:19Z,81.33.173.243,Anonymous,20416,
2730,|Tierra|,0,2087645,2006-01-18T11:09:43Z,81.33.173.243,Anonymous,20415,copy-editing
2730,|Tierra|,0,2104181,2006-01-20T13:14:56Z,200.82.61.136,Anonymous,20393,wikification
2730,|Tierra|,0,2104186,2006-01-20T13:15:49Z,200.82.61.136,Anonymous,20385,fact-update
2730,|Tierra|,0,2104190,2006-01-20T13:16:36Z,200.82.61.136,Anonymous,20384,copy-editing
2730,|Tierra|,0,2104197,2006-01-20T13:17:29Z,200.82.61.136,Anonymous,20357,fact-update
2730,|Tierra|,0,2104204,2006-01-20T13:18:31Z,200.82.61.136,Anonymous,20353,"copy-editing,vandalism"
2730,|Tierra|,0,2120991,2006-01-22T13:15:28Z,80.58.5.42,Anonymous,20537,"elaboration,verifiability"
2730,|Tierra|,0,2120992,2006-01-22T13:15:53Z,80.58.5.42,Anonymous,20521,
2730,|Tierra|,0,2176477,2006-01-29T14:07:30Z,201.222.140.198,Anonymous,20350,copy-editing
2730,|Tierra|,0,2201964,2006-02-01T16:24:30Z,80.58.34.42,Anonymous,20416,fact-update
2730,|Tierra|,0,2201982,2006-02-01T16:25:30Z,80.58.34.42,Anonymous,20416,fact-update
2730,|Tierra|,0,2213207,2006-02-02T20:04:42Z,201.249.170.123,Anonymous,20227,vandalism
2730,|Tierra|,0,2218118,2006-02-03T12:41:38Z,80.58.42.170,Anonymous,17658,
2730,|Tierra|,0,2218142,2006-02-03T12:43:27Z,80.58.42.170,Anonymous,16583,vandalism
2730,|Tierra|,0,2385737,2006-02-22T15:24:35Z,200.77.146.151,Anonymous,20577,"fact-update,vandalism"
2730,|Tierra|,0,2452372,2006-03-01T20:01:14Z,201.214.114.160,Anonymous,20591,vandalism
2730,|Tierra|,0,2557925,2006-03-12T21:30:07Z,200.84.150.171,Anonymous,20528,wikification
2730,|Tierra|,0,2615806,2006-03-19T09:24:59Z,210.213.176.249,Anonymous,20535,
2730,|Tierra|,0,2651644,2006-03-22T23:42:21Z,70.136.142.130,Anonymous,20598,wikification
2730,|Tierra|,0,2651654,2006-03-22T23:42:51Z,70.136.142.130,Anonymous,20594,wikification
2730,|Tierra|,0,2651657,2006-03-22T23:43:07Z,70.136.142.130,Anonymous,20595,wikification
2730,|Tierra|,0,2651663,2006-03-22T23:43:23Z,70.136.142.130,Anonymous,20595,
2730,|Tierra|,0,2651670,2006-03-22T23:43:46Z,70.136.142.130,Anonymous,20593,wikification
2730,|Tierra|,0,2702031,2006-03-28T01:41:17Z,200.56.121.254,Anonymous,1094,vandalism
2730,|Tierra|,0,2765912,2006-04-03T19:30:14Z,200.112.104.115,Anonymous,20705,
2730,|Tierra|,0,2801216,2006-04-06T22:56:41Z,200.121.138.76,Anonymous,20646,copy-editing
2730,|Tierra|,0,2828678,2006-04-09T17:26:14Z,201.215.62.75,Anonymous,20645,
2730,|Tierra|,0,2849424,2006-04-12T00:02:15Z,68.219.125.248,Anonymous,20651,vandalism
2730,|Tierra|,0,2874908,2006-04-14T21:21:54Z,200.104.190.26,Anonymous,20670,
2730,|Tierra|,0,2910752,2006-04-17T21:44:57Z,200.42.182.1,Anonymous,20669,wikification
2730,|Tierra|,0,3024037,2006-04-29T21:45:51Z,69.19.14.30,Anonymous,18396,vandalism
2730,|Tierra|,0,3057025,2006-05-02T20:52:55Z,81.44.5.208,Anonymous,20684,vandalism
2730,|Tierra|,0,3074733,2006-05-04T16:51:05Z,200.127.178.102,Anonymous,22018,elaboration
2730,|Tierra|,0,3344092,2006-05-28T20:39:34Z,201.240.69.212,Anonymous,18549,vandalism
2730,|Tierra|,0,3366740,2006-05-30T20:25:02Z,200.113.151.191,Anonymous,20894,copy-editing
2730,|Tierra|,0,3392361,2006-06-01T22:25:35Z,201.240.97.198,Anonymous,20908,vandalism
2730,|Tierra|,0,3499142,2006-06-10T15:55:25Z,85.84.204.128,Anonymous,21037,
2730,|Tierra|,0,3708411,2006-06-27T22:07:48Z,201.132.22.113,Anonymous,23611,fact-update
2730,|Tierra|,0,3884921,2006-07-13T16:12:56Z,196.40.20.197,Anonymous,23624,copy-editing
2730,|Tierra|,0,4033858,2006-07-24T23:55:35Z,80.59.132.85,Anonymous,23629,
2730,|Tierra|,0,4300473,2006-08-16T00:44:16Z,201.145.227.146,Anonymous,23687,
2730,|Tierra|,0,4328839,2006-08-18T00:00:16Z,200.74.40.148,Anonymous,22235,vandalism
2730,|Tierra|,0,4358995,2006-08-20T19:08:36Z,85.49.4.178,Anonymous,23670,vandalism
2730,|Tierra|,0,4359001,2006-08-20T19:09:08Z,85.49.4.178,Anonymous,23684,
2730,|Tierra|,0,4469642,2006-08-28T02:12:15Z,200.92.117.197,Anonymous,23772,"vandalism,elaboration"
2730,|Tierra|,0,4593488,2006-09-05T17:39:19Z,84.123.109.13,Anonymous,19825,
2730,|Tierra|,0,4593497,2006-09-05T17:39:55Z,84.123.109.13,Anonymous,18367,
2730,|Tierra|,0,4593507,2006-09-05T17:40:25Z,84.123.109.13,Anonymous,17177,
2730,|Tierra|,0,4593520,2006-09-05T17:41:12Z,84.123.109.13,Anonymous,15143,
2730,|Tierra|,0,4593527,2006-09-05T17:41:50Z,84.123.109.13,Anonymous,13351,
2730,|Tierra|,0,4593544,2006-09-05T17:42:27Z,84.123.109.13,Anonymous,19825,
2730,|Tierra|,0,4593560,2006-09-05T17:43:16Z,84.123.109.13,Anonymous,20238,
2730,|Tierra|,0,4593571,2006-09-05T17:43:59Z,84.123.109.13,Anonymous,19054,vandalism
2730,|Tierra|,0,4593577,2006-09-05T17:44:41Z,84.123.109.13,Anonymous,15280,
2730,|Tierra|,0,4615182,2006-09-07T07:09:19Z,80.181.144.187,Anonymous,23922,elaboration
2730,|Tierra|,0,4615189,2006-09-07T07:10:34Z,80.181.144.187,Anonymous,23909,"fact-update,wikification"
2730,|Tierra|,0,4621253,2006-09-07T17:59:27Z,207.216.17.170,Anonymous,23914,copy-editing
2730,|Tierra|,0,4693362,2006-09-13T02:42:46Z,68.144.107.181,Anonymous,22855,
2730,|Tierra|,0,4718673,2006-09-15T01:44:49Z,201.230.212.47,Anonymous,24977,
2730,|Tierra|,0,4757751,2006-09-18T02:12:47Z,201.135.31.151,Anonymous,23791,
2730,|Tierra|,0,4785672,2006-09-20T06:44:59Z,201.141.150.151,Anonymous,23794,copy-editing
2730,|Tierra|,0,4785685,2006-09-20T06:47:01Z,201.141.150.151,Anonymous,23794,copy-editing
2730,|Tierra|,0,4851648,2006-09-25T02:09:15Z,190.45.240.197,Anonymous,25096,"wikification,elaboration"
2730,|Tierra|,0,4872812,2006-09-26T17:15:03Z,190.50.136.8,Anonymous,23471,vandalism
2730,|Tierra|,0,4892210,2006-09-27T19:27:31Z,200.126.98.75,Anonymous,23493,wikification
2730,|Tierra|,0,4902726,2006-09-28T11:02:19Z,200.28.92.219,Anonymous,23484,
2730,|Tierra|,0,4937954,2006-09-30T21:28:29Z,201.121.56.68,Anonymous,24905,wikification
2730,|Tierra|,0,5045487,2006-10-08T23:32:43Z,201.222.206.233,Anonymous,24728,
2730,|Tierra|,0,5060435,2006-10-10T00:01:24Z,189.163.63.140,Anonymous,25167,"elaboration,verifiability"
2730,|Tierra|,0,5060451,2006-10-10T00:02:15Z,189.163.63.140,Anonymous,25478,"wikification,elaboration"
2730,|Tierra|,0,5087335,2006-10-11T15:59:56Z,212.199.22.143,Anonymous,24868,wikification
2730,|Tierra|,0,5112875,2006-10-13T14:54:53Z,88.138.56.129,Anonymous,24733,"fact-update,refactoring,wikification,elaboration"
2730,|Tierra|,0,5125256,2006-10-14T14:58:52Z,62.163.214.3,Anonymous,24739,copy-editing
2730,|Tierra|,0,5125892,2006-10-14T16:04:02Z,62.163.214.3,Anonymous,25018,copy-editing
2730,|Tierra|,0,5139575,2006-10-15T15:22:36Z,200.118.170.248,Anonymous,25065,"wikification,elaboration,verifiability"
2730,|Tierra|,0,5142837,2006-10-15T19:01:32Z,189.154.7.209,Anonymous,22090,
2730,|Tierra|,0,5142896,2006-10-15T19:03:58Z,189.154.7.209,Anonymous,24367,
2730,|Tierra|,0,5283436,2006-10-25T14:16:22Z,200.75.155.122,Anonymous,25152,"elaboration,verifiability"
2730,|Tierra|,0,5283464,2006-10-25T14:18:05Z,200.75.155.122,Anonymous,25152,wikification
2730,|Tierra|,0,5286569,2006-10-25T17:57:23Z,86.15.108.44,Anonymous,25266,"elaboration,verifiability"
2730,|Tierra|,0,5400540,2006-11-02T13:42:27Z,200.113.21.26,Anonymous,23519,vandalism
2730,|Tierra|,0,5400556,2006-11-02T13:43:10Z,200.113.21.26,Anonymous,23536,vandalism
2730,|Tierra|,0,5408098,2006-11-02T20:37:33Z,200.86.9.69,Anonymous,25718,"vandalism,elaboration"
2730,|Tierra|,0,5438954,2006-11-04T22:12:40Z,189.158.65.77,Anonymous,25528,wikification
2730,|Tierra|,0,5527476,2006-11-10T22:03:23Z,192.188.53.214,Anonymous,25386,copy-editing
2730,|Tierra|,0,5600741,2006-11-15T19:29:58Z,200.34.105.16,Anonymous,25385,
2730,|Tierra|,0,5617328,2006-11-16T21:07:49Z,201.244.167.222,Anonymous,25392,vandalism
2730,|Tierra|,0,5617340,2006-11-16T21:08:50Z,201.244.167.222,Anonymous,25419,
2730,|Tierra|,0,5646543,2006-11-18T21:25:59Z,200.5.242.53,Anonymous,25820,"refactoring,elaboration"
2730,|Tierra|,0,5776008,2006-11-27T17:53:54Z,201.246.214.161,Anonymous,25407,vandalism
2730,|Tierra|,0,5776023,2006-11-27T17:54:47Z,201.246.214.161,Anonymous,25397,
2730,|Tierra|,0,5792724,2006-11-28T19:16:49Z,212.145.140.211,Anonymous,58,vandalism
2730,|Tierra|,0,5827326,2006-11-30T19:43:41Z,72.76.174.223,Anonymous,26,vandalism
2730,|Tierra|,0,5827334,2006-11-30T19:44:02Z,72.76.174.223,Anonymous,0,counter-vandalism
2730,|Tierra|,0,5876064,2006-12-04T01:29:20Z,189.132.136.200,Anonymous,26014,"wikification,elaboration"
2730,|Tierra|,0,5876096,2006-12-04T01:31:26Z,189.132.136.200,Anonymous,25890,
2730,|Tierra|,0,5950759,2006-12-09T01:42:13Z,84.120.242.112,Anonymous,25770,vandalism
2730,|Tierra|,0,5950765,2006-12-09T01:42:35Z,84.120.242.112,Anonymous,25771,copy-editing
2730,|Tierra|,0,6267022,2006-12-31T11:19:52Z,83.32.78.66,Anonymous,24970,
2730,|Tierra|,0,6284914,2007-01-01T22:23:23Z,84.76.239.73,Anonymous,25802,
2730,|Tierra|,0,6284992,2007-01-01T22:30:08Z,84.76.239.73,Anonymous,25801,copy-editing
2730,|Tierra|,0,6296973,2007-01-02T19:39:34Z,189.163.130.101,Anonymous,25887,"copy-editing,vandalism"
2730,|Tierra|,0,6297020,2007-01-02T19:41:42Z,189.163.130.101,Anonymous,23599,vandalism
2730,|Tierra|,0,6303425,2007-01-03T04:19:00Z,201.170.38.11,Anonymous,23589,
2730,|Tierra|,0,6310414,2007-01-03T16:53:31Z,189.163.111.152,Anonymous,20458,
2730,|Tierra|,0,6327530,2007-01-04T19:34:14Z,82.254.220.52,Anonymous,23603,wikification
2730,|Tierra|,0,6335011,2007-01-05T07:16:08Z,190.30.78.238,Anonymous,23607,wikification
2730,|Tierra|,0,6376349,2007-01-08T02:53:18Z,200.72.178.85,Anonymous,23596,wikification
2730,|Tierra|,0,6627055,2007-01-24T02:51:49Z,201.141.154.63,Anonymous,23598,"fact-update,vandalism"
2730,|Tierra|,0,6652311,2007-01-25T15:50:51Z,83.49.200.247,Anonymous,21252,vandalism
2730,|Tierra|,0,6700011,2007-01-28T09:31:57Z,84.121.201.204,Anonymous,23736,verifiability
2730,|Tierra|,0,6779773,2007-02-01T20:28:59Z,213.37.30.154,Anonymous,23618,
2730,|Tierra|,0,6865549,2007-02-06T20:13:32Z,201.160.92.97,Anonymous,23850,
2730,|Tierra|,0,6894531,2007-02-08T14:09:47Z,200.121.59.161,Anonymous,23825,"vandalism,elaboration"
2730,|Tierra|,0,6897629,2007-02-08T17:18:31Z,83.38.213.254,Anonymous,23823,"copy-editing,vandalism"
2730,|Tierra|,0,6929780,2007-02-10T17:06:12Z,88.11.134.33,Anonymous,20832,
2730,|Tierra|,0,6962595,2007-02-12T16:40:23Z,200.37.73.125,Anonymous,23818,
2730,|Tierra|,0,6962658,2007-02-12T16:44:34Z,200.37.73.125,Anonymous,23888,wikification
2730,|Tierra|,0,6981170,2007-02-13T17:16:20Z,189.147.57.145,Anonymous,23826,vandalism
2730,|Tierra|,0,6981225,2007-02-13T17:19:38Z,189.147.57.145,Anonymous,23872,
2730,|Tierra|,0,6981274,2007-02-13T17:22:35Z,189.147.57.145,Anonymous,23866,
2730,|Tierra|,0,6990963,2007-02-14T04:24:58Z,201.212.36.121,Anonymous,23807,copy-editing
2730,|Tierra|,0,7018975,2007-02-15T17:46:27Z,88.1.138.87,Anonymous,9216,vandalism
2730,|Tierra|,0,7180683,2007-02-23T18:05:53Z,84.78.99.22,Anonymous,23820,copy-editing
2730,|Tierra|,0,7270261,2007-02-28T15:17:16Z,201.134.74.98,Anonymous,24293,elaboration
2730,|Tierra|,0,7283830,2007-03-01T04:23:35Z,201.141.29.57,Anonymous,23835,wikification
2730,|Tierra|,0,7286311,2007-03-01T10:45:30Z,83.58.24.137,Anonymous,23836,copy-editing
2730,|Tierra|,0,7354771,2007-03-05T02:23:18Z,189.145.27.185,Anonymous,23847,"vandalism,clarification"
2730,|Tierra|,0,7354781,2007-03-05T02:24:00Z,189.145.27.185,Anonymous,23864,vandalism
2730,|Tierra|,0,7354806,2007-03-05T02:26:08Z,189.145.27.185,Anonymous,23884,vandalism
2730,|Tierra|,0,7354831,2007-03-05T02:28:01Z,189.145.27.185,Anonymous,23906,vandalism
2730,|Tierra|,0,7366346,2007-03-05T19:33:46Z,189.144.40.155,Anonymous,23864,
2730,|Tierra|,0,7403412,2007-03-07T18:26:50Z,190.50.178.90,Anonymous,24127,elaboration
2730,|Tierra|,0,7414884,2007-03-08T08:26:13Z,88.22.212.120,Anonymous,23841,vandalism
2730,|Tierra|,0,7616651,2007-03-18T16:43:26Z,201.221.26.107,Anonymous,23920,verifiability
2730,|Tierra|,0,7699415,2007-03-22T17:58:40Z,85.53.25.88,Anonymous,23843,copy-editing
2730,|Tierra|,0,7714092,2007-03-23T13:30:51Z,201.230.174.22,Anonymous,23835,copy-editing
2730,|Tierra|,0,8308174,2007-04-22T18:19:54Z,212.64.172.76,Anonymous,23906,fact-update
2730,|Tierra|,0,8317541,2007-04-23T02:43:17Z,190.40.213.222,Anonymous,23888,fact-update
2730,|Tierra|,0,8320333,2007-04-23T08:25:56Z,87.217.88.130,Anonymous,23890,copy-editing
2730,|Tierra|,0,8356914,2007-04-25T01:11:13Z,201.254.39.56,Anonymous,23909,vandalism
2730,|Tierra|,0,8356922,2007-04-25T01:11:41Z,201.254.39.56,Anonymous,23979,vandalism
2730,|Tierra|,0,8376670,2007-04-26T00:33:45Z,200.112.17.69,Anonymous,24572,elaboration
2730,|Tierra|,0,8423616,2007-04-28T09:21:54Z,83.54.28.242,Anonymous,23890,
2730,|Tierra|,0,8439950,2007-04-29T02:59:02Z,200.114.129.141,Anonymous,23891,
2730,|Tierra|,0,8445814,2007-04-29T15:05:03Z,201.212.139.151,Anonymous,23895,vandalism
2730,|Tierra|,0,8445817,2007-04-29T15:05:19Z,201.212.139.151,Anonymous,23890,
2730,|Tierra|,0,8486457,2007-05-01T12:49:59Z,190.49.119.19,Anonymous,23885,"fact-update,copy-editing,vandalism"
2730,|Tierra|,0,8498506,2007-05-01T22:21:30Z,201.250.146.195,Anonymous,20724,vandalism
2730,|Tierra|,0,8505358,2007-05-02T07:22:36Z,80.58.205.42,Anonymous,23953,copy-editing
2730,|Tierra|,0,8596596,2007-05-06T18:44:13Z,64.237.156.214,Anonymous,23976,vandalism
2730,|Tierra|,0,8652808,2007-05-09T02:29:39Z,190.51.38.107,Anonymous,24155,elaboration
2730,|Tierra|,0,8736154,2007-05-12T20:44:18Z,190.38.236.181,Anonymous,24029,wikification
2730,|Tierra|,0,8736262,2007-05-12T20:50:00Z,190.38.236.181,Anonymous,24052,vandalism
2730,|Tierra|,0,8736313,2007-05-12T20:52:00Z,190.38.236.181,Anonymous,24000,
2730,|Tierra|,0,8736442,2007-05-12T20:56:36Z,190.38.236.181,Anonymous,24030,
2730,|Tierra|,0,8736522,2007-05-12T20:59:51Z,190.38.236.181,Anonymous,24036,wikification
2730,|Tierra|,0,8736604,2007-05-12T21:03:19Z,190.38.236.181,Anonymous,23993,wikification
2730,|Tierra|,0,8736628,2007-05-12T21:04:31Z,190.38.236.181,Anonymous,23954,wikification
2730,|Tierra|,0,8815511,2007-05-16T01:14:52Z,201.246.77.238,Anonymous,24006,verifiability
2730,|Tierra|,0,8860758,2007-05-17T19:31:45Z,201.243.104.170,Anonymous,24016,"vandalism,elaboration"
2730,|Tierra|,0,11291260,2007-09-12T22:46:30Z,201.240.118.44,Anonymous,24532,
2730,|Tierra|,0,11291289,2007-09-12T22:47:39Z,201.240.118.44,Anonymous,27692,vandalism
2730,|Tierra|,0,11294992,2007-09-13T02:03:22Z,200.89.45.253,Anonymous,29334,wikification
2730,|Tierra|,0,11295043,2007-09-13T02:06:50Z,200.89.45.253,Anonymous,29362,wikification
2730,|Tierra|,0,11405505,2007-09-17T21:11:59Z,74.59.116.129,Anonymous,28020,wikification
2730,|Tierra|,0,11443316,2007-09-19T14:12:53Z,89.7.14.10,Anonymous,27744,elaboration
2730,|Tierra|,0,11477013,2007-09-20T22:25:06Z,190.66.221.94,Anonymous,27663,wikification
2730,|Tierra|,0,11517072,2007-09-22T17:20:21Z,190.3.194.35,Anonymous,35,vandalism
2730,|Tierra|,0,11564476,2007-09-24T16:37:29Z,88.0.147.19,Anonymous,47,vandalism
2730,|Tierra|,0,11564529,2007-09-24T16:39:21Z,88.0.147.19,Anonymous,99,
2730,|Tierra|,0,11576906,2007-09-25T00:20:06Z,200.112.109.254,Anonymous,27661,wikification
2730,|Tierra|,0,11622801,2007-09-26T21:39:55Z,201.244.226.24,Anonymous,27669,
2730,|Tierra|,0,11626574,2007-09-27T00:17:38Z,190.40.171.186,Anonymous,27735,vandalism
2730,|Tierra|,0,11637658,2007-09-27T14:46:18Z,80.25.196.142,Anonymous,27683,elaboration
2730,|Tierra|,0,11668216,2007-09-28T19:25:30Z,216.244.134.225,Anonymous,46,vandalism
2730,|Tierra|,0,11673431,2007-09-28T23:27:13Z,66.50.11.28,Anonymous,27759,"vandalism,elaboration"
2730,|Tierra|,0,11717582,2007-10-01T00:04:08Z,66.98.13.30,Anonymous,27699,vandalism
2730,|Tierra|,0,11740218,2007-10-01T20:46:36Z,77.225.73.113,Anonymous,27756,"vandalism,elaboration"
2730,|Tierra|,0,11788103,2007-10-03T18:26:30Z,88.0.36.237,Anonymous,27693,vandalism
2730,|Tierra|,0,11788171,2007-10-03T18:29:26Z,85.136.157.13,Anonymous,27693,
2730,|Tierra|,0,11788212,2007-10-03T18:31:00Z,88.0.36.237,Anonymous,26898,
2730,|Tierra|,0,11837102,2007-10-05T15:54:27Z,212.145.188.120,Anonymous,27713,vandalism
2730,|Tierra|,0,11890816,2007-10-07T20:30:06Z,200.114.172.27,Anonymous,27706,vandalism
2730,|Tierra|,0,11938501,2007-10-09T18:01:37Z,201.244.53.237,Anonymous,2,vandalism
2730,|Tierra|,0,11958535,2007-10-10T14:53:33Z,82.98.128.249,Anonymous,27768,"wikification,vandalism,elaboration"
2730,|Tierra|,0,11958557,2007-10-10T14:54:46Z,82.98.128.249,Anonymous,27775,wikification
2730,|Tierra|,0,12061840,2007-10-14T20:20:13Z,190.38.70.105,Anonymous,27773,
2730,|Tierra|,0,12123200,2007-10-17T12:00:43Z,200.112.127.176,Anonymous,51,
2730,|Tierra|,0,12123211,2007-10-17T12:01:41Z,194.57.110.250,Anonymous,27786,elaboration
2730,|Tierra|,0,12123269,2007-10-17T12:07:06Z,200.112.127.176,Anonymous,52,vandalism
2730,|Tierra|,0,12123360,2007-10-17T12:12:24Z,200.112.127.176,Anonymous,98,
2730,|Tierra|,0,12125115,2007-10-17T14:04:42Z,201.240.55.137,Anonymous,27966,wikification
2730,|Tierra|,0,12129937,2007-10-17T17:32:48Z,88.1.156.66,Anonymous,27996,"wikification,elaboration"
2730,|Tierra|,0,12130015,2007-10-17T17:34:29Z,88.1.156.66,Anonymous,28053,
2730,|Tierra|,0,12150769,2007-10-18T14:48:36Z,88.1.156.66,Anonymous,27797,vandalism
2730,|Tierra|,0,12161881,2007-10-18T19:31:50Z,88.1.156.66,Anonymous,27815,wikification
2730,|Tierra|,0,12263641,2007-10-23T00:25:18Z,190.36.149.214,Anonymous,28155,
2730,|Tierra|,0,12265356,2007-10-23T01:53:49Z,196.40.10.254,Anonymous,28235,"vandalism,elaboration"
2730,|Tierra|,0,12301242,2007-10-24T13:56:00Z,190.20.74.71,Anonymous,92,
2730,|Tierra|,0,12301568,2007-10-24T14:08:23Z,201.116.98.210,Anonymous,28168,"fact-update,vandalism"
2730,|Tierra|,0,12301654,2007-10-24T14:11:30Z,201.116.98.210,Anonymous,221,
2730,|Tierra|,0,12322412,2007-10-25T08:40:53Z,62.57.55.213,Anonymous,28207,verifiability
2730,|Tierra|,0,12356460,2007-10-26T17:21:22Z,201.116.200.2,Anonymous,25003,
2730,|Tierra|,0,12356467,2007-10-26T17:21:34Z,201.116.200.2,Anonymous,21110,
2730,|Tierra|,0,12356473,2007-10-26T17:21:47Z,201.116.200.2,Anonymous,19714,
2730,|Tierra|,0,12356478,2007-10-26T17:21:55Z,201.116.200.2,Anonymous,18544,
2730,|Tierra|,0,12356490,2007-10-26T17:22:06Z,201.116.200.2,Anonymous,15261,
2730,|Tierra|,0,12356499,2007-10-26T17:22:25Z,201.116.200.2,Anonymous,11947,
2730,|Tierra|,0,12356511,2007-10-26T17:22:46Z,201.116.200.2,Anonymous,11962,
2730,|Tierra|,0,12444288,2007-10-30T12:13:17Z,80.24.154.159,Anonymous,28189,
2730,|Tierra|,0,12622967,2007-11-06T19:21:32Z,201.250.168.89,Anonymous,28255,wikification
2730,|Tierra|,0,12623446,2007-11-06T19:38:38Z,201.250.168.89,Anonymous,28230,wikification
2730,|Tierra|,0,12625163,2007-11-06T20:38:09Z,201.223.201.90,Anonymous,28192,wikification
2730,|Tierra|,0,12625186,2007-11-06T20:39:24Z,201.223.201.90,Anonymous,28195,copy-editing
2730,|Tierra|,0,12625769,2007-11-06T21:01:35Z,201.223.201.90,Anonymous,28322,"wikification,elaboration"
2730,|Tierra|,0,12664739,2007-11-08T14:30:48Z,190.64.52.142,Anonymous,28202,vandalism
2730,|Tierra|,0,12664869,2007-11-08T14:36:52Z,190.64.52.142,Anonymous,28246,wikification
2730,|Tierra|,0,12665139,2007-11-08T14:51:48Z,190.64.52.142,Anonymous,25802,
2730,|Tierra|,0,12681704,2007-11-09T02:11:23Z,189.180.90.114,Anonymous,28182,vandalism
2730,|Tierra|,0,12857497,2007-11-16T13:50:44Z,200.80.164.37,Anonymous,28274,"elaboration,verifiability"
2730,|Tierra|,0,12876746,2007-11-17T11:17:58Z,85.59.134.47,Anonymous,28294,"wikification,elaboration"
2730,|Tierra|,0,12888362,2007-11-17T21:53:28Z,201.234.184.26,Anonymous,28597,elaboration
2730,|Tierra|,0,12966966,2007-11-21T01:31:14Z,201.230.70.69,Anonymous,28388,"wikification,elaboration"
2730,|Tierra|,0,13010264,2007-11-22T22:53:11Z,189.141.230.2,Anonymous,28137,"vandalism,elaboration"
2730,|Tierra|,0,13010347,2007-11-22T22:57:24Z,189.141.230.2,Anonymous,28064,vandalism
2730,|Tierra|,0,13126750,2007-11-28T00:00:23Z,189.169.39.210,Anonymous,301,
2730,|Tierra|,0,13187761,2007-11-30T18:49:50Z,88.26.57.157,Anonymous,28172,"wikification,elaboration"
2730,|Tierra|,0,13187772,2007-11-30T18:50:21Z,88.26.57.157,Anonymous,28167,fact-update
2730,|Tierra|,0,13189060,2007-11-30T19:49:09Z,88.26.57.157,Anonymous,31736,"wikification,elaboration"
2730,|Tierra|,0,13244215,2007-12-03T12:19:29Z,80.35.228.211,Anonymous,31776,"vandalism,elaboration"
2730,|Tierra|,0,13244217,2007-12-03T12:19:30Z,80.35.228.211,Anonymous,31777,
2730,|Tierra|,0,13361738,2007-12-06T21:02:41Z,190.72.232.151,Anonymous,28169,elaboration
2730,|Tierra|,0,13413817,2007-12-08T23:18:16Z,88.23.46.253,Anonymous,28124,fact-update
2730,|Tierra|,0,13427122,2007-12-09T15:04:13Z,83.46.253.47,Anonymous,28294,"vandalism,elaboration"
2730,|Tierra|,0,13439260,2007-12-09T22:14:56Z,201.255.240.157,Anonymous,70,vandalism
2730,|Tierra|,0,13439266,2007-12-09T22:15:12Z,201.255.240.157,Anonymous,70,copy-editing
2730,|Tierra|,0,13453105,2007-12-10T15:21:12Z,200.121.224.47,Anonymous,28164,
2730,|Tierra|,0,13453483,2007-12-10T15:32:50Z,201.250.41.156,Anonymous,28134,copy-editing
2730,|Tierra|,0,13453529,2007-12-10T15:34:38Z,201.240.192.246,Anonymous,25014,vandalism
2730,|Tierra|,0,13530003,2007-12-13T03:47:31Z,189.175.23.77,Anonymous,28254,wikification
2730,|Tierra|,0,13641579,2007-12-17T19:53:56Z,200.68.66.34,Anonymous,28135,fact-update
2730,|Tierra|,0,15400914,2008-02-26T01:36:49Z,201.210.55.168,Anonymous,28314,fact-update
2730,|Tierra|,0,15438794,2008-02-27T16:55:42Z,189.194.132.29,Anonymous,28242,process
2730,|Tierra|,0,15444097,2008-02-27T20:03:45Z,70.80.174.13,Anonymous,28366,vandalism
2730,|Tierra|,0,15487088,2008-02-29T15:48:02Z,200.9.75.186,Anonymous,28343,copy-editing
2730,|Tierra|,0,15537271,2008-03-02T17:09:24Z,83.49.241.193,Anonymous,28345,copy-editing
2730,|Tierra|,0,15589518,2008-03-04T17:24:14Z,85.54.182.63,Anonymous,28388,process
2730,|Tierra|,0,15613103,2008-03-05T15:28:43Z,80.25.201.152,Anonymous,28381,vandalism
2730,|Tierra|,0,15616528,2008-03-05T17:54:17Z,80.38.199.146,Anonymous,28376,fact-update
2730,|Tierra|,0,15639759,2008-03-06T16:31:07Z,66.201.176.20,Anonymous,6479,vandalism
2730,|Tierra|,0,15708985,2008-03-09T21:52:10Z,189.176.204.12,Anonymous,28409,wikification
2730,|Tierra|,0,15725155,2008-03-10T17:57:50Z,70.45.141.191,Anonymous,28515,elaboration
2730,|Tierra|,0,15725178,2008-03-10T17:58:51Z,70.45.141.191,Anonymous,28480,vandalism
2730,|Tierra|,0,15767967,2008-03-12T14:04:07Z,209.93.151.252,Anonymous,28860,"wikification,elaboration"
2730,|Tierra|,0,15767989,2008-03-12T14:05:17Z,209.93.151.252,Anonymous,28871,
2730,|Tierra|,0,15767997,2008-03-12T14:05:53Z,209.93.151.252,Anonymous,28871,
2730,|Tierra|,0,15768294,2008-03-12T14:20:11Z,209.93.151.252,Anonymous,29060,"wikification,elaboration"
2730,|Tierra|,0,15768330,2008-03-12T14:22:04Z,209.93.151.252,Anonymous,29076,vandalism
2730,|Tierra|,0,15775760,2008-03-12T19:22:31Z,189.136.38.235,Anonymous,29195,vandalism
2730,|Tierra|,0,15777711,2008-03-12T20:42:15Z,200.35.60.158,Anonymous,29182,
2730,|Tierra|,0,15780851,2008-03-12T22:35:06Z,83.41.190.244,Anonymous,25992,vandalism
2730,|Tierra|,0,15780885,2008-03-12T22:35:57Z,83.41.190.244,Anonymous,25307,vandalism
2730,|Tierra|,0,15780905,2008-03-12T22:36:31Z,83.41.190.244,Anonymous,25901,
2730,|Tierra|,0,15780926,2008-03-12T22:37:10Z,83.41.190.244,Anonymous,28639,
2730,|Tierra|,0,15867415,2008-03-16T20:29:11Z,200.86.25.58,Anonymous,29242,wikification
2730,|Tierra|,0,15869540,2008-03-16T22:05:39Z,190.156.178.230,Anonymous,29026,vandalism
2730,|Tierra|,0,15869871,2008-03-16T22:20:37Z,200.43.137.132,Anonymous,26109,
2730,|Tierra|,0,15871114,2008-03-16T23:09:51Z,190.156.178.230,Anonymous,523,
2730,|Tierra|,0,15872077,2008-03-16T23:54:27Z,85.59.62.177,Anonymous,26108,
2730,|Tierra|,0,15890906,2008-03-17T20:37:00Z,201.215.94.195,Anonymous,3,vandalism
2730,|Tierra|,0,15909841,2008-03-18T18:24:57Z,201.245.226.138,Anonymous,29214,
2730,|Tierra|,0,15919566,2008-03-19T01:49:16Z,190.129.109.118,Anonymous,28938,vandalism
2730,|Tierra|,0,15919587,2008-03-19T01:50:17Z,190.129.109.118,Anonymous,30652,wikification
2730,|Tierra|,0,15919599,2008-03-19T01:50:56Z,190.129.109.118,Anonymous,31388,elaboration
2730,|Tierra|,0,16052034,2008-03-24T16:40:08Z,207.193.126.66,Anonymous,966367,"wikification,elaboration"
2730,|Tierra|,0,16101266,2008-03-26T09:58:46Z,87.221.128.8,Anonymous,30210,process
2730,|Tierra|,0,16101345,2008-03-26T10:03:04Z,80.36.121.24,Anonymous,30193,"wikification,vandalism"
2730,|Tierra|,0,16101563,2008-03-26T10:14:22Z,87.221.128.8,Anonymous,30261,vandalism
2730,|Tierra|,0,16101744,2008-03-26T10:23:22Z,80.36.121.24,Anonymous,30207,
2730,|Tierra|,0,16107832,2008-03-26T16:02:57Z,189.145.43.30,Anonymous,30341,wikification
2730,|Tierra|,0,16122762,2008-03-27T01:49:08Z,200.90.211.56,Anonymous,308,
2730,|Tierra|,0,16145622,2008-03-27T22:06:23Z,4.227.14.195,Anonymous,30197,wikification
2730,|Tierra|,0,16183364,2008-03-29T13:22:02Z,83.56.212.197,Anonymous,30176,copy-editing
2730,|Tierra|,0,16226556,2008-03-30T22:57:57Z,200.114.181.210,Anonymous,30186,"fact-update,wikification"
2730,|Tierra|,0,16242386,2008-03-31T16:22:31Z,81.32.135.34,Anonymous,29005,
2730,|Tierra|,0,16242398,2008-03-31T16:23:02Z,81.32.135.34,Anonymous,25833,
2730,|Tierra|,0,16274009,2008-04-01T18:00:16Z,190.24.206.194,Anonymous,30243,
2730,|Tierra|,0,16295242,2008-04-02T13:04:44Z,88.16.224.160,Anonymous,30586,elaboration
2730,|Tierra|,0,16295266,2008-04-02T13:05:41Z,88.16.224.160,Anonymous,30591,
2730,|Tierra|,0,16295275,2008-04-02T13:06:19Z,88.16.224.160,Anonymous,30588,copy-editing
2730,|Tierra|,0,16341738,2008-04-03T21:50:03Z,89.7.180.208,Anonymous,30227,wikification
2730,|Tierra|,0,16347169,2008-04-04T01:52:43Z,201.240.136.22,Anonymous,31434,"wikification,elaboration"
2730,|Tierra|,0,16394297,2008-04-06T05:15:06Z,190.43.49.40,Anonymous,30272,
2730,|Tierra|,0,16394380,2008-04-06T05:25:14Z,190.51.59.70,Anonymous,30272,fact-update
2730,|Tierra|,0,16415021,2008-04-06T23:01:45Z,190.21.29.254,Anonymous,30289,copy-editing
2730,|Tierra|,0,16434502,2008-04-07T17:59:52Z,190.51.241.12,Anonymous,0,vandalism
2730,|Tierra|,0,16458567,2008-04-08T16:37:27Z,209.45.44.195,Anonymous,29328,
2730,|Tierra|,0,16517506,2008-04-10T21:18:01Z,190.76.27.151,Anonymous,30356,
2730,|Tierra|,0,16553204,2008-04-12T15:10:07Z,190.154.168.81,Anonymous,1887,vandalism
2730,|Tierra|,0,16617395,2008-04-15T02:19:38Z,201.230.190.18,Anonymous,31606,vandalism
2730,|Tierra|,0,16631432,2008-04-15T18:17:19Z,84.122.152.218,Anonymous,31218,
2730,|Tierra|,0,16649613,2008-04-16T13:44:15Z,200.89.130.226,Anonymous,31658,verifiability
2730,|Tierra|,0,16649656,2008-04-16T13:46:26Z,200.89.130.226,Anonymous,31648,wikification
2730,|Tierra|,0,16695436,2008-04-18T08:07:20Z,147.96.61.101,Anonymous,31779,wikification
2730,|Tierra|,0,16750937,2008-04-20T16:17:43Z,24.44.237.31,Anonymous,31744,
2730,|Tierra|,0,16751128,2008-04-20T16:24:35Z,200.71.186.2,Anonymous,13,vandalism
2730,|Tierra|,0,16756566,2008-04-20T19:59:31Z,190.189.37.66,Anonymous,29115,
2730,|Tierra|,0,16756597,2008-04-20T20:00:53Z,190.189.37.66,Anonymous,24787,
2730,|Tierra|,0,16756616,2008-04-20T20:01:26Z,190.189.37.66,Anonymous,23305,vandalism
2730,|Tierra|,0,16756623,2008-04-20T20:01:48Z,190.189.37.66,Anonymous,22149,vandalism
2730,|Tierra|,0,16756650,2008-04-20T20:02:43Z,190.189.37.66,Anonymous,18923,
2730,|Tierra|,0,16756663,2008-04-20T20:03:18Z,190.189.37.66,Anonymous,18322,vandalism
2730,|Tierra|,0,16756667,2008-04-20T20:03:29Z,190.189.37.66,Anonymous,17700,
2730,|Tierra|,0,16756676,2008-04-20T20:03:44Z,190.189.37.66,Anonymous,12880,
2730,|Tierra|,0,16756686,2008-04-20T20:03:59Z,190.189.37.66,Anonymous,10498,
2730,|Tierra|,0,16756688,2008-04-20T20:04:09Z,190.189.37.66,Anonymous,10180,
2730,|Tierra|,0,16756691,2008-04-20T20:04:24Z,190.189.37.66,Anonymous,9910,vandalism
2730,|Tierra|,0,16817142,2008-04-22T21:10:11Z,201.244.243.216,Anonymous,31735,
2730,|Tierra|,0,16859594,2008-04-24T14:24:24Z,163.10.10.140,Anonymous,28559,vandalism
2730,|Tierra|,0,16876140,2008-04-25T02:47:46Z,190.161.128.96,Anonymous,31750,vandalism
2730,|Tierra|,0,16876163,2008-04-25T02:49:10Z,190.161.128.96,Anonymous,31891,wikification
2730,|Tierra|,0,16945823,2008-04-27T23:08:30Z,190.46.52.69,Anonymous,32153,"vandalism,elaboration"
2730,|Tierra|,0,16963030,2008-04-28T17:49:32Z,200.85.198.38,Anonymous,32114,vandalism
2730,|Tierra|,0,16963048,2008-04-28T17:50:08Z,200.85.198.38,Anonymous,32137,vandalism
2730,|Tierra|,0,16963393,2008-04-28T18:01:58Z,200.85.198.38,Anonymous,32125,vandalism
2730,|Tierra|,0,16963404,2008-04-28T18:02:16Z,200.85.198.38,Anonymous,32102,
2730,|Tierra|,0,16989519,2008-04-29T17:51:22Z,190.82.199.153,Anonymous,32139,vandalism
2730,|Tierra|,0,17024352,2008-04-30T23:39:07Z,201.240.199.146,Anonymous,31613,
2730,|Tierra|,0,17068226,2008-05-02T21:24:25Z,190.48.136.18,Anonymous,32386,vandalism
2730,|Tierra|,0,17068282,2008-05-02T21:27:16Z,190.48.136.18,Anonymous,32114,
2730,|Tierra|,0,17068300,2008-05-02T21:27:57Z,190.48.136.18,Anonymous,32131,
2730,|Tierra|,0,17068318,2008-05-02T21:28:34Z,190.48.136.18,Anonymous,32114,counter-vandalism
2730,|Tierra|,0,17071911,2008-05-03T00:05:41Z,201.212.181.138,Anonymous,32274,elaboration
2730,|Tierra|,0,17071938,2008-05-03T00:07:02Z,201.212.181.138,Anonymous,32327,vandalism
2730,|Tierra|,0,17106709,2008-05-04T15:09:18Z,190.160.232.95,Anonymous,32167,elaboration
2730,|Tierra|,0,17139288,2008-05-05T19:32:31Z,200.25.151.4,Anonymous,32191,wikification
2730,|Tierra|,0,17139318,2008-05-05T19:33:05Z,200.25.151.4,Anonymous,32199,
2730,|Tierra|,0,17156409,2008-05-06T13:15:44Z,190.68.122.227,Anonymous,32115,
2730,|Tierra|,0,17161010,2008-05-06T16:17:09Z,216.230.148.110,Anonymous,32119,"fact-update,wikification"
2730,|Tierra|,0,17174757,2008-05-07T00:06:48Z,189.136.44.184,Anonymous,32152,vandalism
2730,|Tierra|,0,17216556,2008-05-08T16:55:18Z,190.188.86.53,Anonymous,32148,wikification
2730,|Tierra|,0,17237840,2008-05-09T13:46:56Z,190.31.69.70,Anonymous,31797,
2730,|Tierra|,0,17237849,2008-05-09T13:47:18Z,190.31.69.70,Anonymous,31491,
2730,|Tierra|,0,17237857,2008-05-09T13:47:38Z,190.31.69.70,Anonymous,27968,
2730,|Tierra|,0,17300806,2008-05-11T19:15:51Z,189.156.185.87,Anonymous,28,vandalism
2730,|Tierra|,0,17363080,2008-05-14T01:13:24Z,190.175.190.51,Anonymous,34481,"vandalism,elaboration"
2730,|Tierra|,0,17412179,2008-05-15T23:01:14Z,79.152.33.67,Anonymous,34316,wikification
2730,|Tierra|,0,17500629,2008-05-19T17:06:18Z,88.19.235.208,Anonymous,34379,"fact-update,vandalism"
2730,|Tierra|,0,17500692,2008-05-19T17:09:08Z,88.19.235.208,Anonymous,34348,"fact-update,vandalism"
2730,|Tierra|,0,17548057,2008-05-21T16:39:50Z,190.75.161.35,Anonymous,34362,vandalism
2730,|Tierra|,0,17561753,2008-05-22T04:10:15Z,190.42.63.230,Anonymous,18,vandalism
2730,|Tierra|,0,18982192,2008-07-23T21:09:54Z,190.252.41.59,Anonymous,33634,
2730,|Tierra|,0,19038242,2008-07-26T13:15:40Z,85.53.5.11,Anonymous,35008,"wikification,elaboration"
2730,|Tierra|,0,19159512,2008-08-01T13:09:29Z,190.161.125.126,Anonymous,57,
2730,|Tierra|,0,19159541,2008-08-01T13:11:48Z,190.161.125.126,Anonymous,28,vandalism
2730,|Tierra|,0,19228904,2008-08-04T23:38:18Z,190.41.140.221,Anonymous,2013,
2730,|Tierra|,0,19340534,2008-08-10T13:11:01Z,200.109.43.34,Anonymous,34843,
2730,|Tierra|,0,19422037,2008-08-13T20:04:47Z,201.209.75.216,Anonymous,34867,
2730,|Tierra|,0,19529324,2008-08-18T09:47:07Z,85.91.68.148,Anonymous,27966,copy-editing
2730,|Tierra|,0,19529330,2008-08-18T09:47:41Z,85.91.68.148,Anonymous,27966,wikification
2730,|Tierra|,0,19529336,2008-08-18T09:48:16Z,85.91.68.148,Anonymous,27954,
2730,|Tierra|,0,19529339,2008-08-18T09:48:45Z,85.91.68.148,Anonymous,27948,copy-editing
2730,|Tierra|,0,19537954,2008-08-18T18:24:41Z,190.174.199.48,Anonymous,27981,vandalism
2730,|Tierra|,0,19567196,2008-08-19T21:00:47Z,200.118.164.78,Anonymous,27966,vandalism
2730,|Tierra|,0,19611451,2008-08-21T17:49:36Z,190.244.21.98,Anonymous,27977,vandalism
2730,|Tierra|,0,19630583,2008-08-22T14:44:59Z,190.21.118.210,Anonymous,28313,vandalism
2730,|Tierra|,0,19704701,2008-08-25T22:11:44Z,189.166.59.140,Anonymous,34898,wikification
2730,|Tierra|,0,19727048,2008-08-26T20:58:09Z,190.26.35.0,Anonymous,34951,vandalism
2730,|Tierra|,0,19751714,2008-08-27T20:14:57Z,201.127.124.87,Anonymous,35038,elaboration
2730,|Tierra|,0,19798422,2008-08-29T22:22:32Z,190.66.7.98,Anonymous,35130,elaboration
2730,|Tierra|,0,19919063,2008-09-04T02:48:20Z,190.22.101.31,Anonymous,3810,
2730,|Tierra|,0,19926820,2008-09-04T13:21:49Z,200.5.210.34,Anonymous,35059,vandalism
2730,|Tierra|,0,19928718,2008-09-04T15:20:48Z,200.112.51.194,Anonymous,35062,vandalism
2730,|Tierra|,0,19941280,2008-09-05T01:05:39Z,190.44.116.184,Anonymous,35063,vandalism
2730,|Tierra|,0,19956797,2008-09-05T15:36:41Z,201.235.212.139,Anonymous,35078,vandalism
2730,|Tierra|,0,19987680,2008-09-06T19:13:18Z,190.135.173.26,Anonymous,35075,wikification
2730,|Tierra|,0,19987710,2008-09-06T19:14:03Z,190.135.173.26,Anonymous,35101,wikification
2730,|Tierra|,0,19987768,2008-09-06T19:15:55Z,190.135.173.26,Anonymous,35092,
2730,|Tierra|,0,20010714,2008-09-07T18:33:51Z,201.239.18.2,Anonymous,35165,
2730,|Tierra|,0,20041273,2008-09-08T22:05:50Z,190.50.32.59,Anonymous,34962,
2730,|Tierra|,0,20212117,2008-09-16T03:04:53Z,190.43.155.248,Anonymous,35062,
2730,|Tierra|,0,20232003,2008-09-16T23:32:15Z,81.9.212.185,Anonymous,35041,
2730,|Tierra|,0,20259426,2008-09-18T00:13:09Z,201.235.212.139,Anonymous,31621,vandalism
2730,|Tierra|,0,20302019,2008-09-19T21:33:31Z,190.50.100.244,Anonymous,16,vandalism
2730,|Tierra|,0,20380514,2008-09-23T15:44:26Z,200.68.63.67,Anonymous,34986,wikification
2730,|Tierra|,0,20380534,2008-09-23T15:45:34Z,200.68.63.67,Anonymous,34967,copy-editing
2730,|Tierra|,0,20380597,2008-09-23T15:48:12Z,200.68.63.67,Anonymous,34962,wikification
2730,|Tierra|,0,20380656,2008-09-23T15:51:25Z,200.68.63.67,Anonymous,35023,wikification
2730,|Tierra|,0,20381006,2008-09-23T16:07:12Z,200.68.63.67,Anonymous,34992,
2730,|Tierra|,0,20381044,2008-09-23T16:09:10Z,200.68.63.67,Anonymous,34965,"fact-update,wikification"
2730,|Tierra|,0,20381064,2008-09-23T16:10:19Z,200.68.63.67,Anonymous,34955,fact-update
2730,|Tierra|,0,20381089,2008-09-23T16:11:09Z,200.68.63.67,Anonymous,34380,vandalism
2730,|Tierra|,0,20381103,2008-09-23T16:11:31Z,200.68.63.67,Anonymous,34399,
2730,|Tierra|,0,20381125,2008-09-23T16:12:13Z,200.68.63.67,Anonymous,34295,
2730,|Tierra|,0,20381142,2008-09-23T16:12:39Z,200.68.63.67,Anonymous,30907,
2730,|Tierra|,0,20381154,2008-09-23T16:13:00Z,200.68.63.67,Anonymous,29512,
2730,|Tierra|,0,20381167,2008-09-23T16:13:25Z,200.68.63.67,Anonymous,28347,
2730,|Tierra|,0,20381175,2008-09-23T16:13:44Z,200.68.63.67,Anonymous,25035,
2730,|Tierra|,0,20381185,2008-09-23T16:14:04Z,200.68.63.67,Anonymous,17989,
2730,|Tierra|,0,20381203,2008-09-23T16:14:32Z,200.68.63.67,Anonymous,15606,
2730,|Tierra|,0,20381210,2008-09-23T16:14:53Z,200.68.63.67,Anonymous,14979,
2730,|Tierra|,0,20381619,2008-09-23T16:30:40Z,190.21.122.41,Anonymous,34992,
2730,|Tierra|,0,20944645,2008-10-14T00:32:40Z,336388,|3coma14|,35036,wikification
2730,|Tierra|,0,21224905,2008-10-25T00:57:42Z,201.149.226.121,Anonymous,35265,vandalism
2730,|Tierra|,0,21301826,2008-10-27T22:34:14Z,190.73.200.57,Anonymous,35109,
2730,|Tierra|,0,21314822,2008-10-28T15:10:33Z,150.214.57.1,Anonymous,35332,"vandalism,elaboration"
2730,|Tierra|,0,21374007,2008-10-31T01:31:45Z,201.213.109.212,Anonymous,35374,"vandalism,elaboration"
2730,|Tierra|,0,21376855,2008-10-31T05:36:44Z,190.39.6.241,Anonymous,35335,
2730,|Tierra|,0,21396581,2008-10-31T23:49:29Z,85.137.86.82,Anonymous,35334,wikification
2730,|Tierra|,0,21401057,2008-11-01T07:26:28Z,84.76.159.161,Anonymous,35347,vandalism
2730,|Tierra|,0,21401068,2008-11-01T07:28:29Z,84.76.159.161,Anonymous,35347,copy-editing
2730,|Tierra|,0,21401357,2008-11-01T08:15:04Z,84.76.159.161,Anonymous,35356,
2730,|Tierra|,0,21427071,2008-11-02T12:52:57Z,85.94.190.198,Anonymous,36557,elaboration
2730,|Tierra|,0,21427137,2008-11-02T12:55:46Z,85.94.190.198,Anonymous,36521,
2730,|Tierra|,0,21452982,2008-11-03T14:36:27Z,81.37.108.86,Anonymous,65,
2730,|Tierra|,0,21461083,2008-11-03T19:06:34Z,189.146.234.22,Anonymous,36105,
2730,|Tierra|,0,21567811,2008-11-07T18:04:48Z,190.158.253.93,Anonymous,36047,fact-update
2730,|Tierra|,0,21576796,2008-11-07T22:23:43Z,85.94.165.236,Anonymous,36450,elaboration
2730,|Tierra|,0,21625751,2008-11-09T19:03:49Z,201.255.122.152,Anonymous,32514,
2730,|Tierra|,0,21625791,2008-11-09T19:05:30Z,201.255.122.152,Anonymous,28212,vandalism
2730,|Tierra|,0,21633128,2008-11-10T00:25:34Z,83.43.100.62,Anonymous,36007,vandalism
2730,|Tierra|,0,21633157,2008-11-10T00:27:24Z,83.43.100.62,Anonymous,36024,wikification
2730,|Tierra|,0,21633181,2008-11-10T00:28:50Z,83.43.100.62,Anonymous,36078,wikification
2730,|Tierra|,0,21672982,2008-11-11T12:47:16Z,200.26.147.250,Anonymous,35847,
2730,|Tierra|,0,21746504,2008-11-13T16:09:42Z,201.211.253.157,Anonymous,51,
2730,|Tierra|,0,21760844,2008-11-13T23:59:12Z,189.183.39.202,Anonymous,36190,vandalism
2730,|Tierra|,0,21763398,2008-11-14T02:48:17Z,190.95.108.173,Anonymous,36175,vandalism
2730,|Tierra|,0,21763432,2008-11-14T02:51:31Z,190.95.108.173,Anonymous,36154,
2730,|Tierra|,0,21768771,2008-11-14T12:38:16Z,213.96.95.160,Anonymous,32797,vandalism
2730,|Tierra|,0,21874576,2008-11-18T20:23:23Z,200.75.254.118,Anonymous,36144,vandalism
2730,|Tierra|,0,21874628,2008-11-18T20:25:37Z,200.75.254.118,Anonymous,36128,vandalism
2730,|Tierra|,0,21897633,2008-11-19T20:22:51Z,190.140.241.103,Anonymous,36230,"vandalism,elaboration"
2730,|Tierra|,0,21897654,2008-11-19T20:24:33Z,190.140.241.103,Anonymous,36116,vandalism
2730,|Tierra|,0,21902574,2008-11-20T00:23:06Z,83.63.244.75,Anonymous,36100,
2730,|Tierra|,0,21903513,2008-11-20T01:27:46Z,189.216.68.117,Anonymous,35858,
2730,|Tierra|,0,21937532,2008-11-21T17:09:49Z,148.243.243.172,Anonymous,36248,vandalism
2730,|Tierra|,0,21937555,2008-11-21T17:10:26Z,148.243.243.172,Anonymous,36251,"fact-update,copy-editing"
2730,|Tierra|,0,21937595,2008-11-21T17:11:44Z,148.243.243.172,Anonymous,36258,vandalism
2730,|Tierra|,0,21937842,2008-11-21T17:19:32Z,148.243.243.172,Anonymous,36271,
2730,|Tierra|,0,21988029,2008-11-23T21:53:22Z,190.55.89.83,Anonymous,36273,
2730,|Tierra|,0,21992688,2008-11-24T03:02:44Z,190.55.67.43,Anonymous,36244,fact-update
2730,|Tierra|,0,22260552,2008-12-05T14:23:10Z,79.150.130.209,Anonymous,35895,
2730,|Tierra|,0,22358524,2008-12-09T19:29:12Z,83.57.147.2,Anonymous,35866,copy-editing
2730,|Tierra|,0,22361780,2008-12-09T21:58:55Z,69.89.47.143,Anonymous,35884,wikification
2730,|Tierra|,0,22600543,2008-12-15T12:01:52Z,217.125.20.156,Anonymous,35977,"vandalism,elaboration"
2730,|Tierra|,0,22600794,2008-12-15T12:13:51Z,217.125.20.156,Anonymous,36239,"wikification,elaboration"
2730,|Tierra|,0,22705397,2008-12-19T09:57:15Z,80.38.111.205,Anonymous,35927,
2730,|Tierra|,0,22893632,2008-12-29T02:16:59Z,190.49.62.253,Anonymous,35871,
2730,|Tierra|,0,22957926,2008-12-31T20:11:41Z,190.201.32.200,Anonymous,35871,copy-editing
2730,|Tierra|,0,23081204,2009-01-06T21:57:33Z,87.220.31.74,Anonymous,35871,fact-update
2730,|Tierra|,0,23093912,2009-01-07T14:23:59Z,190.78.170.114,Anonymous,35888,wikification
2730,|Tierra|,0,23105766,2009-01-07T21:41:15Z,201.206.200.134,Anonymous,36320,elaboration
2730,|Tierra|,0,23136020,2009-01-09T08:54:23Z,88.2.1.90,Anonymous,35871,fact-update
2730,|Tierra|,0,23337677,2009-01-17T20:55:48Z,190.157.27.238,Anonymous,35917,
2730,|Tierra|,0,23362956,2009-01-19T00:08:47Z,189.147.87.200,Anonymous,75,vandalism
2730,|Tierra|,0,23520291,2009-01-25T15:53:18Z,24.138.241.122,Anonymous,35596,wikification
2730,|Tierra|,0,23629062,2009-01-28T22:09:03Z,83.213.20.46,Anonymous,35615,wikification
2730,|Tierra|,0,23661607,2009-01-30T02:49:25Z,200.109.80.107,Anonymous,36659,elaboration
2730,|Tierra|,0,23727831,2009-02-01T17:18:25Z,83.40.84.183,Anonymous,35591,"fact-update,vandalism"
2730,|Tierra|,0,23730830,2009-02-01T19:25:40Z,88.23.48.23,Anonymous,35657,elaboration
2730,|Tierra|,0,23767274,2009-02-03T12:45:35Z,80.38.160.131,Anonymous,35596,"fact-update,vandalism"
2730,|Tierra|,0,23768283,2009-02-03T14:13:24Z,92.56.9.57,Anonymous,35667,
2730,|Tierra|,0,23807029,2009-02-04T16:35:57Z,88.5.226.177,Anonymous,35595,vandalism
2730,|Tierra|,0,23807865,2009-02-04T17:06:36Z,217.126.149.240,Anonymous,35593,copy-editing
2730,|Tierra|,0,23899592,2009-02-07T07:54:27Z,83.43.249.205,Anonymous,2819,
2730,|Tierra|,0,23979133,2009-02-10T02:27:33Z,190.233.59.102,Anonymous,35380,
2730,|Tierra|,0,24050465,2009-02-12T20:56:05Z,189.192.229.181,Anonymous,35415,
2730,|Tierra|,0,24050505,2009-02-12T20:57:53Z,189.192.229.181,Anonymous,35380,
2730,|Tierra|,0,24061586,2009-02-13T11:38:45Z,85.137.128.252,Anonymous,35487,"elaboration,verifiability"
2730,|Tierra|,0,24082640,2009-02-14T10:51:03Z,62.37.153.89,Anonymous,35572,
2730,|Tierra|,0,24105930,2009-02-15T15:12:08Z,89.7.84.94,Anonymous,35572,vandalism
2730,|Tierra|,0,24112930,2009-02-15T19:09:20Z,217.125.196.57,Anonymous,32048,"vandalism,verifiability"
2730,|Tierra|,0,24112966,2009-02-15T19:10:47Z,217.125.196.57,Anonymous,32036,
2730,|Tierra|,0,24113041,2009-02-15T19:13:19Z,217.125.196.57,Anonymous,31982,vandalism
2730,|Tierra|,0,24304149,2009-02-22T17:40:38Z,189.160.14.18,Anonymous,35928,"wikification,elaboration"
2730,|Tierra|,0,24304447,2009-02-22T17:44:58Z,189.160.14.18,Anonymous,35729,"wikification,elaboration"
2730,|Tierra|,0,24325282,2009-02-23T12:33:48Z,81.39.113.111,Anonymous,35328,wikification
2730,|Tierra|,0,24337398,2009-02-23T20:20:45Z,200.92.125.78,Anonymous,35123,
2730,|Tierra|,0,24339032,2009-02-23T21:17:44Z,200.92.125.78,Anonymous,34908,
2730,|Tierra|,0,24354594,2009-02-24T14:55:35Z,84.122.112.63,Anonymous,35347,vandalism
2730,|Tierra|,0,24414892,2009-02-26T21:16:24Z,189.159.91.42,Anonymous,35369,wikification
2730,|Tierra|,0,24419401,2009-02-27T00:01:16Z,189.129.29.168,Anonymous,35353,"fact-update,vandalism"
2730,|Tierra|,0,24438904,2009-02-27T18:36:51Z,190.22.198.217,Anonymous,35373,
2730,|Tierra|,0,24480673,2009-03-01T14:21:30Z,79.144.56.132,Anonymous,35457,"vandalism,elaboration"
2730,|Tierra|,0,46813359,2011-06-01T21:52:08Z,798532,|Jorge 2701|,55061,wikification
2730,|Tierra|,0,46814002,2011-06-01T22:16:21Z,798532,|Jorge 2701|,55140,"wikification,elaboration"
2730,|Tierra|,0,46815898,2011-06-01T23:27:06Z,798532,|Jorge 2701|,55140,copy-editing
2730,|Tierra|,0,46817595,2011-06-02T00:37:52Z,798532,|Jorge 2701|,58052,"wikification,elaboration"
2730,|Tierra|,0,46817628,2011-06-02T00:39:25Z,798532,|Jorge 2701|,60809,"wikification,elaboration"
2730,|Tierra|,0,46817780,2011-06-02T00:46:08Z,798532,|Jorge 2701|,60532,
2730,|Tierra|,0,46841671,2011-06-02T23:22:13Z,798532,|Jorge 2701|,66180,"refactoring,wikification,elaboration"
2730,|Tierra|,0,46841766,2011-06-02T23:25:59Z,798532,|Jorge 2701|,64953,
2730,|Tierra|,0,46844105,2011-06-03T01:10:16Z,798532,|Jorge 2701|,69227,wikification
2730,|Tierra|,0,46844172,2011-06-03T01:13:27Z,798532,|Jorge 2701|,69290,wikification
2730,|Tierra|,0,46844420,2011-06-03T01:22:39Z,798532,|Jorge 2701|,69204,
2730,|Tierra|,0,46866308,2011-06-03T20:52:41Z,798532,|Jorge 2701|,81630,"wikification,elaboration"
2730,|Tierra|,0,46866507,2011-06-03T20:57:38Z,798532,|Jorge 2701|,81631,copy-editing
2730,|Tierra|,0,46866774,2011-06-03T21:05:08Z,798532,|Jorge 2701|,79460,
2730,|Tierra|,0,46870762,2011-06-03T23:40:28Z,798532,|Jorge 2701|,79460,
2730,|Tierra|,0,46872472,2011-06-04T01:04:08Z,798532,|Jorge 2701|,88774,"wikification,elaboration"
2730,|Tierra|,0,46873151,2011-06-04T01:38:57Z,798532,|Jorge 2701|,88811,
2730,|Tierra|,0,46876635,2011-06-04T05:27:46Z,798532,|Jorge 2701|,88973,wikification
2730,|Tierra|,0,46876655,2011-06-04T05:29:54Z,798532,|Jorge 2701|,88974,copy-editing
2730,|Tierra|,0,46890590,2011-06-04T19:14:03Z,798532,|Jorge 2701|,88974,wikification
2730,|Tierra|,0,46893508,2011-06-04T20:54:48Z,798532,|Jorge 2701|,94522,"refactoring,wikification,elaboration"
2730,|Tierra|,0,46893914,2011-06-04T21:11:05Z,798532,|Jorge 2701|,93912,
2730,|Tierra|,0,46896526,2011-06-04T22:51:17Z,798532,|Jorge 2701|,101373,"wikification,elaboration"
2730,|Tierra|,0,46896656,2011-06-04T22:56:07Z,798532,|Jorge 2701|,101378,wikification
2730,|Tierra|,0,46896695,2011-06-04T22:57:24Z,798532,|Jorge 2701|,101378,wikification
2730,|Tierra|,0,46921283,2011-06-05T22:24:58Z,798532,|Jorge 2701|,109478,"refactoring,wikification,elaboration"
2730,|Tierra|,0,46921334,2011-06-05T22:26:39Z,798532,|Jorge 2701|,109478,wikification
2730,|Tierra|,0,46925155,2011-06-06T01:30:22Z,798532,|Jorge 2701|,115495,"wikification,elaboration"
2730,|Tierra|,0,46927386,2011-06-06T04:07:17Z,798532,|Jorge 2701|,115574,copy-editing
2730,|Tierra|,0,46944093,2011-06-06T20:13:00Z,798532,|Jorge 2701|,115648,wikification
2730,|Tierra|,0,46944908,2011-06-06T20:42:28Z,798532,|Jorge 2701|,115692,
2730,|Tierra|,0,46949291,2011-06-06T23:10:25Z,798532,|Jorge 2701|,121885,"wikification,elaboration,verifiability"
2730,|Tierra|,0,46951732,2011-06-07T00:33:41Z,798532,|Jorge 2701|,121878,
2730,|Tierra|,0,46953601,2011-06-07T02:02:52Z,798532,|Jorge 2701|,125221,wikification
2730,|Tierra|,0,46972474,2011-06-07T18:56:08Z,798532,|Jorge 2701|,125408,fact-update
2730,|Tierra|,0,46979590,2011-06-07T23:08:05Z,798532,|Jorge 2701|,127918,"wikification,elaboration"
2730,|Tierra|,0,46983092,2011-06-08T01:31:14Z,798532,|Jorge 2701|,132556,"wikification,elaboration,verifiability"
2730,|Tierra|,0,47009798,2011-06-09T00:41:19Z,798532,|Jorge 2701|,140357,"wikification,elaboration"
2730,|Tierra|,0,47010093,2011-06-09T00:56:08Z,798532,|Jorge 2701|,140361,
2730,|Tierra|,0,47034971,2011-06-10T01:49:01Z,798532,|Jorge 2701|,147350,elaboration
2730,|Tierra|,0,47035130,2011-06-10T01:59:19Z,798532,|Jorge 2701|,147407,process
2730,|Tierra|,0,47035151,2011-06-10T02:01:03Z,798532,|Jorge 2701|,147407,"refactoring,wikification"
2730,|Tierra|,0,47038523,2011-06-10T06:21:17Z,798532,|Jorge 2701|,147310,
2730,|Tierra|,0,47049654,2011-06-10T18:55:14Z,798532,|Jorge 2701|,147447,wikification
2730,|Tierra|,0,47058991,2011-06-11T00:59:30Z,798532,|Jorge 2701|,147440,copy-editing
2730,|Tierra|,0,47296765,2011-06-19T20:57:05Z,798532,|Jorge 2701|,147464,"fact-update,copy-editing,wikification"
2730,|Tierra|,0,47296993,2011-06-19T21:02:39Z,798532,|Jorge 2701|,147611,wikification
2730,|Tierra|,0,47297087,2011-06-19T21:05:59Z,798532,|Jorge 2701|,147562,
2730,|Tierra|,0,47297487,2011-06-19T21:22:47Z,798532,|Jorge 2701|,147484,"fact-update,refactoring,copy-editing,wikification"
2730,|Tierra|,0,47297542,2011-06-19T21:25:21Z,798532,|Jorge 2701|,147485,copy-editing
2730,|Tierra|,0,47297746,2011-06-19T21:33:18Z,798532,|Jorge 2701|,147448,"fact-update,copy-editing"
2730,|Tierra|,0,47348535,2011-06-21T18:32:41Z,798532,|Jorge 2701|,147450,wikification
2730,|Tierra|,0,47522974,2011-06-28T06:12:25Z,798532,|Jorge 2701|,147458,wikification
2730,|Tierra|,0,47541695,2011-06-28T22:27:57Z,798532,|Jorge 2701|,147458,
2730,|Tierra|,0,47570358,2011-06-29T23:03:02Z,798532,|Jorge 2701|,147457,copy-editing
2730,|Tierra|,0,47573018,2011-06-30T01:00:15Z,798532,|Jorge 2701|,147457,copy-editing
2730,|Tierra|,0,47592407,2011-06-30T20:12:37Z,798532,|Jorge 2701|,147475,
2730,|Tierra|,0,47603693,2011-07-01T04:10:26Z,798532,|Jorge 2701|,147864,"copy-editing,wikification,verifiability"
2730,|Tierra|,0,47625908,2011-07-02T00:20:00Z,336388,|3coma14|,147864,
2730,|Tierra|,0,47627667,2011-07-02T02:07:58Z,798532,|Jorge 2701|,148098,wikification
2730,|Tierra|,0,47866085,2011-07-11T12:07:38Z,336388,|3coma14|,148135,wikification
2730,|Tierra|,0,47866579,2011-07-11T12:52:11Z,336388,|3coma14|,148196,wikification
2730,|Tierra|,0,47866625,2011-07-11T12:55:33Z,336388,|3coma14|,148190,
2730,|Tierra|,0,47866915,2011-07-11T13:16:05Z,336388,|3coma14|,148184,
2730,|Tierra|,0,47866965,2011-07-11T13:20:00Z,336388,|3coma14|,148218,wikification
2730,|Tierra|,0,47867396,2011-07-11T13:48:12Z,336388,|3coma14|,148307,copy-editing
2730,|Tierra|,0,47867660,2011-07-11T14:05:45Z,336388,|3coma14|,148365,
2730,|Tierra|,0,47875253,2011-07-11T19:33:18Z,336388,|3coma14|,148383,
2730,|Tierra|,0,47892500,2011-07-12T13:02:19Z,336388,|3coma14|,148523,
2730,|Tierra|,0,47950179,2011-07-14T15:21:35Z,336388,|3coma14|,148524,
2730,|Tierra|,0,47950332,2011-07-14T15:31:18Z,336388,|3coma14|,148605,wikification
2730,|Tierra|,0,47979660,2011-07-15T18:15:53Z,336388,|3coma14|,148635,wikification
2730,|Tierra|,0,47981946,2011-07-15T19:28:31Z,336388,|3coma14|,148606,copy-editing
2730,|Tierra|,0,48000643,2011-07-16T15:24:39Z,336388,|3coma14|,148579,
2730,|Tierra|,0,48002602,2011-07-16T16:57:50Z,336388,|3coma14|,148574,
2730,|Tierra|,0,48021892,2011-07-17T12:20:18Z,336388,|3coma14|,148702,wikification
2730,|Tierra|,0,48021983,2011-07-17T12:31:12Z,336388,|3coma14|,148541,wikification
2730,|Tierra|,0,48021998,2011-07-17T12:33:03Z,336388,|3coma14|,148541,wikification
2730,|Tierra|,0,48022218,2011-07-17T12:55:17Z,336388,|3coma14|,148581,wikification
2730,|Tierra|,0,48022844,2011-07-17T13:55:30Z,336388,|3coma14|,148541,
2730,|Tierra|,0,48023280,2011-07-17T14:27:01Z,336388,|3coma14|,148837,"refactoring,wikification"
2730,|Tierra|,0,48023715,2011-07-17T14:48:12Z,336388,|3coma14|,148861,wikification
2730,|Tierra|,0,48024063,2011-07-17T15:06:08Z,336388,|3coma14|,148858,
2730,|Tierra|,0,48027268,2011-07-17T17:30:53Z,336388,|3coma14|,148860,wikification
2730,|Tierra|,0,48027829,2011-07-17T17:56:09Z,336388,|3coma14|,148959,wikification
2730,|Tierra|,0,48033245,2011-07-17T22:04:04Z,336388,|3coma14|,149020,wikification
2730,|Tierra|,0,48036428,2011-07-18T00:40:28Z,336388,|3coma14|,149046,
2730,|Tierra|,0,48036834,2011-07-18T01:01:12Z,336388,|3coma14|,149090,
2730,|Tierra|,0,48036928,2011-07-18T01:06:00Z,336388,|3coma14|,149110,wikification
2730,|Tierra|,0,48038664,2011-07-18T02:42:33Z,336388,|3coma14|,149102,
2730,|Tierra|,0,48085370,2011-07-19T18:02:58Z,336388,|3coma14|,149191,wikification
2730,|Tierra|,0,48149367,2011-07-21T17:59:49Z,336388,|3coma14|,149259,
2730,|Tierra|,0,48149409,2011-07-21T18:01:03Z,336388,|3coma14|,149258,wikification
2730,|Tierra|,0,48174000,2011-07-22T13:50:20Z,336388,|3coma14|,149365,wikification
2730,|Tierra|,0,48312216,2011-07-27T02:03:26Z,336388,|3coma14|,149468,wikification
2730,|Tierra|,0,48312476,2011-07-27T02:17:44Z,336388,|3coma14|,149500,
2730,|Tierra|,0,48321881,2011-07-27T12:55:14Z,336388,|3coma14|,149584,
2730,|Tierra|,0,48322241,2011-07-27T13:14:26Z,336388,|3coma14|,149617,"refactoring,wikification"
2730,|Tierra|,0,48322393,2011-07-27T13:26:55Z,336388,|3coma14|,149594,copy-editing
2730,|Tierra|,0,48335866,2011-07-27T21:24:48Z,336388,|3coma14|,149486,
2730,|Tierra|,0,48335888,2011-07-27T21:25:49Z,336388,|3coma14|,149485,
2730,|Tierra|,0,48336489,2011-07-27T21:48:40Z,336388,|3coma14|,149553,wikification
2730,|Tierra|,0,48362204,2011-07-28T20:15:07Z,336388,|3coma14|,149597,wikification
2730,|Tierra|,0,48362689,2011-07-28T20:33:28Z,336388,|3coma14|,149598,copy-editing
2730,|Tierra|,0,48362733,2011-07-28T20:35:13Z,336388,|3coma14|,149598,copy-editing
2730,|Tierra|,0,48362836,2011-07-28T20:39:45Z,336388,|3coma14|,149606,
2730,|Tierra|,0,48362871,2011-07-28T20:41:06Z,336388,|3coma14|,149605,
2730,|Tierra|,0,48362925,2011-07-28T20:43:20Z,336388,|3coma14|,149591,
2730,|Tierra|,0,48363005,2011-07-28T20:46:43Z,336388,|3coma14|,149592,copy-editing
2730,|Tierra|,0,48363083,2011-07-28T20:49:42Z,336388,|3coma14|,149591,fact-update
2730,|Tierra|,0,48363247,2011-07-28T20:57:08Z,336388,|3coma14|,149599,
2730,|Tierra|,0,48363304,2011-07-28T20:59:20Z,336388,|3coma14|,149559,copy-editing
2730,|Tierra|,0,48363368,2011-07-28T21:02:11Z,336388,|3coma14|,149563,wikification
2730,|Tierra|,0,48363526,2011-07-28T21:09:52Z,336388,|3coma14|,149553,
2730,|Tierra|,0,48363563,2011-07-28T21:11:20Z,336388,|3coma14|,149544,
2730,|Tierra|,0,48363772,2011-07-28T21:20:45Z,336388,|3coma14|,149546,
2730,|Tierra|,0,48363965,2011-07-28T21:29:13Z,336388,|3coma14|,149567,
2730,|Tierra|,0,48364050,2011-07-28T21:32:46Z,798532,|Jorge 2701|,150596,"wikification,elaboration"
2730,|Tierra|,0,48364412,2011-07-28T21:46:50Z,798532,|Jorge 2701|,151264,
2730,|Tierra|,0,48365899,2011-07-28T22:55:29Z,798532,|Jorge 2701|,151737,refactoring
2730,|Tierra|,0,48365975,2011-07-28T22:58:08Z,336388,|3coma14|,151754,wikification
2730,|Tierra|,0,48366304,2011-07-28T23:11:44Z,798532,|Jorge 2701|,152292,"refactoring,elaboration,verifiability"
2730,|Tierra|,0,48366596,2011-07-28T23:22:58Z,336388,|3coma14|,152306,wikification
2730,|Tierra|,0,48366825,2011-07-28T23:34:15Z,336388,|3coma14|,152302,wikification
2730,|Tierra|,0,48369564,2011-07-29T01:44:02Z,798532,|Jorge 2701|,152327,verifiability
2730,|Tierra|,0,48369713,2011-07-29T01:51:33Z,798532,|Jorge 2701|,152327,copy-editing
2730,|Tierra|,0,48369963,2011-07-29T02:03:58Z,798532,|Jorge 2701|,152330,
2730,|Tierra|,0,48370384,2011-07-29T02:21:05Z,798532,|Jorge 2701|,152297,
2730,|Tierra|,0,48418705,2011-07-30T22:21:44Z,336388,|3coma14|,152297,
2730,|Tierra|,0,48444637,2011-07-31T20:50:11Z,336388,|3coma14|,152326,wikification
2730,|Tierra|,0,48444751,2011-07-31T20:53:34Z,336388,|3coma14|,152362,wikification
2730,|Tierra|,0,48444874,2011-07-31T20:57:08Z,336388,|3coma14|,152356,
2730,|Tierra|,0,48445129,2011-07-31T21:04:39Z,336388,|3coma14|,152373,fact-update
2730,|Tierra|,0,48445322,2011-07-31T21:10:07Z,336388,|3coma14|,152398,
2730,|Tierra|,0,48447018,2011-07-31T21:54:52Z,798532,|Jorge 2701|,153013,"elaboration,verifiability"
2730,|Tierra|,0,48448109,2011-07-31T22:19:28Z,798532,|Jorge 2701|,153780,"wikification,elaboration,verifiability"
2730,|Tierra|,0,48448177,2011-07-31T22:21:43Z,798532,|Jorge 2701|,153820,
2730,|Tierra|,0,48448552,2011-07-31T22:34:21Z,798532,|Jorge 2701|,153924,refactoring
2730,|Tierra|,0,48448819,2011-07-31T22:41:56Z,798532,|Jorge 2701|,153924,wikification
2730,|Tierra|,0,48623948,2011-08-06T02:19:45Z,798532,|Jorge 2701|,154107,wikification
2730,|Tierra|,0,49069095,2011-08-19T17:09:51Z,798532,|Jorge 2701|,154107,wikification
2730,|Tierra|,0,49081376,2011-08-20T03:58:15Z,798532,|Jorge 2701|,154166,verifiability
2730,|Tierra|,0,49366783,2011-08-30T05:09:10Z,798532,|Jorge 2701|,154214,wikification
2730,|Tierra|,0,49479391,2011-09-03T04:42:10Z,798532,|Jorge 2701|,154211,refactoring
2730,|Tierra|,0,49479562,2011-09-03T04:56:46Z,798532,|Jorge 2701|,154216,
2730,|Tierra|,0,50149148,2011-09-29T18:13:45Z,798532,|Jorge 2701|,154454,
2730,|Tierra|,0,50149782,2011-09-29T18:42:02Z,798532,|Jorge 2701|,154250,"fact-update,verifiability"
2730,|Tierra|,0,50257103,2011-10-04T02:35:36Z,798532,|Jorge 2701|,154578,"refactoring,copy-editing"
2730,|Tierra|,0,50353891,2011-10-08T05:31:08Z,798532,|Jorge 2701|,154578,refactoring
2730,|Tierra|,0,50556002,2011-10-16T03:30:13Z,798532,|Jorge 2701|,154639,"fact-update,copy-editing"
2730,|Tierra|,0,50556361,2011-10-16T03:57:58Z,798532,|Jorge 2701|,154777,wikification
2730,|Tierra|,0,50579659,2011-10-17T02:24:05Z,798532,|Jorge 2701|,155135,"fact-update,wikification"
2730,|Tierra|,0,50579820,2011-10-17T02:35:34Z,798532,|Jorge 2701|,155136,refactoring
2730,|Tierra|,0,50591370,2011-10-17T17:28:09Z,798532,|Jorge 2701|,155137,
2730,|Tierra|,0,50607047,2011-10-18T03:39:52Z,798532,|Jorge 2701|,155137,fact-update
2730,|Tierra|,0,50607318,2011-10-18T03:57:14Z,798532,|Jorge 2701|,155137,
2730,|Tierra|,0,50607481,2011-10-18T04:05:15Z,798532,|Jorge 2701|,154797,
2730,|Tierra|,0,50608556,2011-10-18T04:52:24Z,798532,|Jorge 2701|,154843,
2730,|Tierra|,0,51137231,2011-11-05T19:55:36Z,798532,|Jorge 2701|,154798,copy-editing
2730,|Tierra|,0,51736600,2011-11-28T04:09:27Z,798532,|Jorge 2701|,155669,wikification
2730,|Tierra|,0,52316025,2011-12-19T02:20:26Z,798532,|Jorge 2701|,155660,
2730,|Tierra|,0,52343549,2011-12-20T04:23:55Z,798532,|Jorge 2701|,155660,
2730,|Tierra|,0,52366174,2011-12-21T02:52:32Z,798532,|Jorge 2701|,155660,
2730,|Tierra|,0,52366377,2011-12-21T03:06:46Z,798532,|Jorge 2701|,155685,copy-editing
2730,|Tierra|,0,52669734,2012-01-03T06:59:44Z,798532,|Jorge 2701|,156253,
2730,|Tierra|,0,53349669,2012-01-28T04:43:37Z,798532,|Jorge 2701|,156710,"fact-update,wikification"
2730,|Tierra|,0,53349773,2012-01-28T04:54:37Z,798532,|Jorge 2701|,156801,wikification
2730,|Tierra|,0,53365714,2012-01-28T20:53:43Z,798532,|Jorge 2701|,156820,wikification
2730,|Tierra|,0,55933304,2012-05-05T19:41:09Z,798532,|Jorge 2701|,156319,fact-update
2730,|Tierra|,0,55933586,2012-05-05T19:49:55Z,798532,|Jorge 2701|,156320,
2730,|Tierra|,0,55933967,2012-05-05T20:00:49Z,798532,|Jorge 2701|,156341,disambiguation
2730,|Tierra|,0,55934017,2012-05-05T20:02:19Z,798532,|Jorge 2701|,156348,
2730,|Tierra|,0,56909022,2012-06-11T00:50:31Z,798532,|Jorge 2701|,156355,"refactoring,wikification"
2730,|Tierra|,0,70395525,2013-10-24T20:06:24Z,181.113.163.101,Anonymous,72246,
2730,|Tierra|,0,70476097,2013-10-29T02:26:36Z,189.162.117.54,Anonymous,153780,
2730,|Tierra|,0,70480333,2013-10-29T11:46:53Z,190.101.80.12,Anonymous,153853,
2730,|Tierra|,0,70639472,2013-11-06T13:23:45Z,193.144.37.159,Anonymous,153805,
2730,|Tierra|,0,70653464,2013-11-07T03:59:40Z,190.140.228.66,Anonymous,153642,
2730,|Tierra|,0,70682647,2013-11-08T17:14:26Z,148.202.36.180,Anonymous,154027,elaboration
2730,|Tierra|,0,70684179,2013-11-08T18:48:34Z,83.213.122.201,Anonymous,153812,
2730,|Tierra|,0,70716658,2013-11-10T17:56:38Z,186.63.59.45,Anonymous,153838,vandalism
2730,|Tierra|,0,70947177,2013-11-22T17:42:27Z,213.37.99.211,Anonymous,153821,copy-editing
2730,|Tierra|,0,71013848,2013-11-26T10:12:39Z,95.16.15.192,Anonymous,153829,
2730,|Tierra|,0,71058798,2013-11-28T15:04:36Z,77.229.79.97,Anonymous,153820,copy-editing
2730,|Tierra|,0,71093604,2013-11-30T15:28:38Z,83.41.129.18,Anonymous,153851,vandalism
2730,|Tierra|,0,71189588,2013-12-04T08:07:36Z,88.6.196.74,Anonymous,153290,
2730,|Tierra|,0,71189662,2013-12-04T08:20:34Z,88.6.196.74,Anonymous,152906,copy-editing
2730,|Tierra|,0,71189669,2013-12-04T08:21:57Z,88.6.196.74,Anonymous,152900,copy-editing
2730,|Tierra|,0,71189681,2013-12-04T08:24:42Z,88.6.196.74,Anonymous,152974,
2730,|Tierra|,0,71189714,2013-12-04T08:29:34Z,88.6.196.74,Anonymous,152906,vandalism
2730,|Tierra|,0,71189740,2013-12-04T08:32:41Z,88.6.196.74,Anonymous,153044,elaboration
2730,|Tierra|,0,71195667,2013-12-04T16:53:16Z,88.22.48.222,Anonymous,153868,
2730,|Tierra|,0,71195748,2013-12-04T16:58:50Z,88.22.48.222,Anonymous,153971,vandalism
2730,|Tierra|,0,71195873,2013-12-04T17:05:56Z,88.22.48.222,Anonymous,153867,vandalism
2730,|Tierra|,0,71195908,2013-12-04T17:07:50Z,88.22.48.222,Anonymous,153866,copy-editing
2730,|Tierra|,0,71196362,2013-12-04T17:32:13Z,88.22.48.222,Anonymous,152723,
2730,|Tierra|,0,71196438,2013-12-04T17:37:58Z,88.22.48.222,Anonymous,153880,
2730,|Tierra|,0,71434595,2013-12-17T09:50:38Z,186.107.22.1,Anonymous,153829,wikification
2730,|Tierra|,0,71649129,2013-12-31T02:27:52Z,83.165.65.206,Anonymous,153841,wikification
2730,|Tierra|,0,71859834,2014-01-12T11:30:23Z,79.157.67.247,Anonymous,153830,copy-editing
2730,|Tierra|,0,71866197,2014-01-12T19:41:57Z,190.129.114.71,Anonymous,152812,
2730,|Tierra|,0,71875894,2014-01-13T09:27:26Z,80.28.209.3,Anonymous,153869,vandalism
2730,|Tierra|,0,71875955,2014-01-13T09:35:45Z,80.28.209.3,Anonymous,153892,elaboration
2730,|Tierra|,0,71914546,2014-01-15T08:31:09Z,79.156.173.3,Anonymous,153835,vandalism
2730,|Tierra|,0,71914603,2014-01-15T08:39:25Z,79.156.173.3,Anonymous,153941,"vandalism,elaboration"
2730,|Tierra|,0,71930947,2014-01-16T02:49:07Z,201.209.239.103,Anonymous,153847,vandalism
2730,|Tierra|,0,71937060,2014-01-16T13:50:01Z,200.60.38.246,Anonymous,153831,copy-editing
2730,|Tierra|,0,72020126,2014-01-20T17:17:53Z,189.221.236.157,Anonymous,37146,vandalism
2730,|Tierra|,0,72020148,2014-01-20T17:19:00Z,936194,|Jkbw|,153829,"wikification,elaboration"
2730,|Tierra|,0,72057027,2014-01-22T12:44:02Z,79.108.212.129,Anonymous,154877,elaboration
2730,|Tierra|,0,72190420,2014-01-28T20:51:31Z,200.79.205.29,Anonymous,153893,vandalism
2730,|Tierra|,0,72320590,2014-02-04T01:22:42Z,186.86.102.51,Anonymous,153896,vandalism
2730,|Tierra|,0,72325919,2014-02-04T12:18:53Z,85.91.90.49,Anonymous,153771,"fact-update,vandalism"
2730,|Tierra|,0,72477759,2014-02-11T15:09:53Z,208.80.238.150,Anonymous,142319,
2730,|Tierra|,0,72486275,2014-02-11T20:37:46Z,186.144.9.24,Anonymous,155303,"wikification,process"
2730,|Tierra|,0,72486312,2014-02-11T20:38:43Z,936194,|Jkbw|,155146,wikification
2730,|Tierra|,0,72589657,2014-02-15T16:32:56Z,213.37.98.216,Anonymous,155161,
2730,|Tierra|,0,72590039,2014-02-15T16:54:34Z,213.37.98.216,Anonymous,155160,copy-editing
2730,|Tierra|,0,72609044,2014-02-16T16:10:44Z,190.121.149.149,Anonymous,155185,vandalism
2730,|Tierra|,0,72728287,2014-02-21T17:47:12Z,95.62.143.80,Anonymous,155254,vandalism
2730,|Tierra|,0,72762433,2014-02-22T23:06:40Z,181.194.168.217,Anonymous,155192,
2730,|Tierra|,0,72762447,2014-02-22T23:07:16Z,936194,|Jkbw|,155160,counter-vandalism
2730,|Tierra|,0,72824940,2014-02-25T21:15:21Z,81.9.252.170,Anonymous,64098,vandalism
2730,|Tierra|,0,72855815,2014-02-27T02:07:20Z,181.139.12.12,Anonymous,155165,
2730,|Tierra|,0,72990807,2014-03-05T17:15:07Z,186.89.223.32,Anonymous,155181,"fact-update,vandalism"
2730,|Tierra|,0,72990959,2014-03-05T17:21:44Z,186.89.223.32,Anonymous,155186,vandalism
2730,|Tierra|,0,73025927,2014-03-07T09:51:58Z,95.63.44.162,Anonymous,155160,fact-update
2730,|Tierra|,0,73111622,2014-03-11T14:51:56Z,89.206.166.35,Anonymous,155161,fact-update
2730,|Tierra|,0,73162652,2014-03-13T21:56:25Z,190.162.234.111,Anonymous,155153,vandalism
2730,|Tierra|,0,73240830,2014-03-17T21:54:38Z,181.66.156.97,Anonymous,155173,
2730,|Tierra|,0,73240851,2014-03-17T21:55:32Z,936194,|Jkbw|,155162,
2730,|Tierra|,0,73323250,2014-03-21T20:33:38Z,201.124.128.87,Anonymous,155132,
2730,|Tierra|,0,73334304,2014-03-22T13:30:54Z,87.219.167.80,Anonymous,155186,
2730,|Tierra|,0,73379542,2014-03-24T19:37:24Z,186.0.194.195,Anonymous,155152,wikification
2730,|Tierra|,0,73403982,2014-03-25T21:46:11Z,82.130.45.44,Anonymous,155186,
2730,|Tierra|,0,73404000,2014-03-25T21:47:01Z,936194,|Jkbw|,155162,counter-vandalism
2730,|Tierra|,0,73414664,2014-03-26T12:15:27Z,186.34.184.127,Anonymous,155207,
2730,|Tierra|,0,73425050,2014-03-26T20:28:45Z,136.145.75.2,Anonymous,155167,vandalism
2730,|Tierra|,0,73428802,2014-03-26T23:24:18Z,181.66.157.185,Anonymous,155179,vandalism
2730,|Tierra|,0,73428830,2014-03-26T23:25:29Z,181.66.157.185,Anonymous,155185,vandalism
2730,|Tierra|,0,73440564,2014-03-27T16:29:53Z,177.234.16.154,Anonymous,155205,
2730,|Tierra|,0,73440623,2014-03-27T16:34:21Z,177.234.16.154,Anonymous,155205,
2730,|Tierra|,0,73518595,2014-03-31T17:54:47Z,81.32.85.106,Anonymous,155105,"fact-update,copy-editing,wikification,vandalism"
2730,|Tierra|,0,73570067,2014-04-03T02:15:51Z,201.209.120.241,Anonymous,154565,
2730,|Tierra|,0,73687698,2014-04-08T23:34:36Z,181.67.182.50,Anonymous,155139,clarification
2730,|Tierra|,0,73687712,2014-04-08T23:35:30Z,936194,|Jkbw|,155132,
2730,|Tierra|,0,73784936,2014-04-13T15:16:19Z,181.232.55.174,Anonymous,155220,vandalism
2730,|Tierra|,0,73788047,2014-04-13T18:14:24Z,190.71.15.90,Anonymous,155203,
2730,|Tierra|,0,73789297,2014-04-13T19:24:43Z,83.46.176.161,Anonymous,155153,
2730,|Tierra|,0,73789402,2014-04-13T19:30:22Z,83.46.176.161,Anonymous,155163,vandalism
2730,|Tierra|,0,73917823,2014-04-20T20:44:30Z,190.46.237.98,Anonymous,143265,
2730,|Tierra|,0,73984565,2014-04-23T23:02:22Z,187.188.77.221,Anonymous,158251,elaboration
2730,|Tierra|,0,74005916,2014-04-24T23:53:58Z,186.181.20.140,Anonymous,155102,wikification
2730,|Tierra|,0,74009086,2014-04-25T03:34:28Z,187.188.76.167,Anonymous,158280,elaboration
2730,|Tierra|,0,74027056,2014-04-26T03:17:15Z,201.184.183.241,Anonymous,155158,"fact-update,vandalism"
2730,|Tierra|,0,74027068,2014-04-26T03:18:37Z,201.184.183.241,Anonymous,155171,
2730,|Tierra|,0,74027129,2014-04-26T03:24:26Z,201.184.183.241,Anonymous,155221,
2730,|Tierra|,0,74141876,2014-05-01T20:23:29Z,189.170.125.211,Anonymous,155199,vandalism
2730,|Tierra|,0,74188366,2014-05-04T05:02:07Z,66.98.36.18,Anonymous,155250,
2730,|Tierra|,0,74226688,2014-05-06T00:13:14Z,173.243.90.34,Anonymous,155178,vandalism
2730,|Tierra|,0,74264712,2014-05-07T20:43:27Z,190.143.27.133,Anonymous,153842,
2730,|Tierra|,0,74264727,2014-05-07T20:44:22Z,936194,|Jkbw|,155182,"wikification,elaboration"
2730,|Tierra|,0,74340714,2014-05-11T21:42:53Z,189.238.231.29,Anonymous,155271,
2730,|Tierra|,0,74372090,2014-05-13T12:34:55Z,190.101.76.152,Anonymous,155187,vandalism
2730,|Tierra|,0,74483440,2014-05-18T19:41:50Z,201.251.98.226,Anonymous,155179,fact-update
2730,|Tierra|,0,74484016,2014-05-18T20:12:16Z,189.191.126.155,Anonymous,154266,vandalism
2730,|Tierra|,0,74484158,2014-05-18T20:18:35Z,189.191.126.155,Anonymous,155180,
2730,|Tierra|,0,74531440,2014-05-20T23:29:43Z,189.177.13.26,Anonymous,155885,"refactoring,wikification,elaboration"
2730,|Tierra|,0,74535125,2014-05-21T03:19:04Z,190.250.82.175,Anonymous,143906,copy-editing
2730,|Tierra|,0,74545937,2014-05-21T18:04:17Z,200.125.59.110,Anonymous,155202,
2730,|Tierra|,0,74545970,2014-05-21T18:05:18Z,936194,|Jkbw|,155182,counter-vandalism
2730,|Tierra|,0,74586312,2014-05-23T14:41:40Z,187.214.143.166,Anonymous,143299,vandalism
2730,|Tierra|,0,74586324,2014-05-23T14:42:12Z,936194,|Jkbw|,155182,"wikification,elaboration"
2730,|Tierra|,0,74615935,2014-05-25T04:18:21Z,190.188.233.243,Anonymous,155197,elaboration
2730,|Tierra|,0,74656023,2014-05-27T00:53:22Z,186.81.141.149,Anonymous,155160,"wikification,vandalism"
2730,|Tierra|,0,74765715,2014-06-01T17:51:55Z,79.154.235.220,Anonymous,155097,
2730,|Tierra|,0,74765792,2014-06-01T17:54:17Z,79.154.235.220,Anonymous,155199,wikification
2730,|Tierra|,0,74893811,2014-06-07T04:41:38Z,24.138.216.138,Anonymous,155183,vandalism
2730,|Tierra|,0,74900995,2014-06-07T17:09:48Z,189.135.212.66,Anonymous,155213,vandalism
2730,|Tierra|,0,74907825,2014-06-07T23:16:53Z,213.107.104.245,Anonymous,155176,vandalism
2730,|Tierra|,0,74909246,2014-06-08T00:39:20Z,2001:1388:1445:AEBE:4983:ED5F:99E8:E95B,Anonymous,155168,vandalism
2730,|Tierra|,0,74936098,2014-06-09T14:41:42Z,201.253.155.149,Anonymous,155164,vandalism
2730,|Tierra|,0,74938448,2014-06-09T16:43:33Z,186.43.10.100,Anonymous,155175,"vandalism,elaboration"
2730,|Tierra|,0,74938976,2014-06-09T17:09:15Z,83.213.167.118,Anonymous,155151,copy-editing
2730,|Tierra|,0,74943291,2014-06-09T20:37:01Z,190.149.189.215,Anonymous,155152,
2730,|Tierra|,0,74943397,2014-06-09T20:43:07Z,190.149.189.215,Anonymous,155150,copy-editing
2730,|Tierra|,0,74954604,2014-06-10T12:43:47Z,190.166.252.202,Anonymous,155152,"fact-update,copy-editing"
2730,|Tierra|,0,74958576,2014-06-10T16:10:29Z,99.10.198.94,Anonymous,155162,vandalism
2730,|Tierra|,0,74961272,2014-06-10T18:43:47Z,187.241.158.66,Anonymous,155192,elaboration
2730,|Tierra|,0,74961344,2014-06-10T18:48:50Z,187.241.158.66,Anonymous,155274,vandalism
2730,|Tierra|,0,74962789,2014-06-10T19:59:09Z,200.74.79.208,Anonymous,155135,
2730,|Tierra|,0,75009644,2014-06-13T04:03:54Z,190.2.106.99,Anonymous,155135,fact-update
2730,|Tierra|,0,75074424,2014-06-17T00:29:07Z,190.20.98.133,Anonymous,155365,vandalism
2730,|Tierra|,0,75211401,2014-06-24T15:59:36Z,62.57.237.252,Anonymous,155176,
2730,|Tierra|,0,75215900,2014-06-24T19:46:07Z,186.150.239.162,Anonymous,155147,
2730,|Tierra|,0,75239848,2014-06-26T01:21:51Z,190.5.57.7,Anonymous,155141,copy-editing
2730,|Tierra|,0,75239851,2014-06-26T01:22:35Z,936194,|Jkbw|,155143,copy-editing
2730,|Tierra|,0,75239860,2014-06-26T01:23:21Z,190.5.57.7,Anonymous,155141,copy-editing
2730,|Tierra|,0,75239874,2014-06-26T01:24:12Z,936194,|Jkbw|,155143,copy-editing
2730,|Tierra|,0,75331422,2014-06-30T23:44:09Z,936194,|Jkbw|,155143,copy-editing
2730,|Tierra|,0,75376782,2014-07-03T00:02:11Z,181.46.94.12,Anonymous,155147,
2730,|Tierra|,0,75553062,2014-07-13T01:22:27Z,190.148.122.26,Anonymous,155146,
2730,|Tierra|,0,75596718,2014-07-15T16:18:11Z,189.251.94.69,Anonymous,155165,vandalism
2730,|Tierra|,0,75661245,2014-07-18T23:08:03Z,186.58.186.180,Anonymous,154944,vandalism
2730,|Tierra|,0,75920343,2014-07-31T03:20:14Z,186.112.19.21,Anonymous,155005,
2730,|Tierra|,0,76022302,2014-08-02T22:48:18Z,181.136.162.92,Anonymous,154956,
2730,|Tierra|,0,76022337,2014-08-02T22:49:43Z,936194,|Jkbw|,154984,
2730,|Tierra|,0,76022836,2014-08-02T23:10:57Z,181.136.162.92,Anonymous,154928,
2730,|Tierra|,0,76022857,2014-08-02T23:11:40Z,936194,|Jkbw|,154984,
2730,|Tierra|,0,76059739,2014-08-04T13:29:25Z,189.182.202.215,Anonymous,155114,"vandalism,elaboration"
2730,|Tierra|,0,76059849,2014-08-04T13:35:18Z,189.182.202.215,Anonymous,155051,
2730,|Tierra|,0,76059891,2014-08-04T13:37:49Z,189.182.202.215,Anonymous,155019,
2730,|Tierra|,0,76059938,2014-08-04T13:39:49Z,189.182.202.215,Anonymous,154993,
2730,|Tierra|,0,76069252,2014-08-04T20:14:26Z,181.193.97.14,Anonymous,154989,clarification
2730,|Tierra|,0,76069270,2014-08-04T20:15:18Z,936194,|Jkbw|,154984,
2730,|Tierra|,0,76259144,2014-08-09T17:35:13Z,187.213.149.246,Anonymous,154986,fact-update
2730,|Tierra|,0,76277748,2014-08-10T21:08:13Z,181.177.177.2,Anonymous,154997,vandalism
2730,|Tierra|,0,76277850,2014-08-10T21:14:10Z,936194,|Jkbw|,154984,counter-vandalism
2730,|Tierra|,0,76323213,2014-08-13T00:51:45Z,186.48.147.71,Anonymous,155020,
2730,|Tierra|,0,76323299,2014-08-13T00:57:24Z,936194,|Jkbw|,154984,
2730,|Tierra|,0,76479557,2014-08-20T21:36:30Z,187.166.59.205,Anonymous,155311,"elaboration,verifiability"
2730,|Tierra|,0,76501849,2014-08-21T21:48:21Z,179.52.179.5,Anonymous,155332,wikification
2730,|Tierra|,0,76599726,2014-08-26T19:18:37Z,186.103.158.147,Anonymous,155288,fact-update
2730,|Tierra|,0,76643599,2014-08-28T20:26:56Z,190.82.106.58,Anonymous,155290,copy-editing
2730,|Tierra|,0,76643648,2014-08-28T20:28:55Z,936194,|Jkbw|,155311,
2730,|Tierra|,0,76651050,2014-08-29T02:19:19Z,201.138.253.150,Anonymous,155537,
2730,|Tierra|,0,76655610,2014-08-29T11:35:21Z,200.115.53.65,Anonymous,155313,copy-editing
2730,|Tierra|,0,76670019,2014-08-30T03:19:03Z,190.209.204.115,Anonymous,155321,vandalism
2730,|Tierra|,0,76786734,2014-09-04T23:41:18Z,189.147.156.175,Anonymous,155319,
2730,|Tierra|,0,76795389,2014-09-05T14:38:42Z,186.1.182.131,Anonymous,155339,"wikification,vandalism"
2730,|Tierra|,0,76890630,2014-09-10T15:23:08Z,200.120.4.84,Anonymous,155335,
2730,|Tierra|,0,76898463,2014-09-10T22:59:54Z,189.182.194.191,Anonymous,155331,vandalism
2730,|Tierra|,0,76912157,2014-09-11T18:49:19Z,187.152.41.128,Anonymous,155330,vandalism
2730,|Tierra|,0,76964095,2014-09-14T15:15:43Z,201.240.140.254,Anonymous,155793,
2730,|Tierra|,0,77093371,2014-09-21T02:09:21Z,190.36.138.43,Anonymous,155839,wikification
2730,|Tierra|,0,77093828,2014-09-21T02:52:12Z,189.182.102.167,Anonymous,155964,vandalism
2730,|Tierra|,0,77094156,2014-09-21T03:20:12Z,186.80.46.90,Anonymous,155953,wikification
2730,|Tierra|,0,77094170,2014-09-21T03:21:22Z,190.185.154.68,Anonymous,155973,vandalism
2730,|Tierra|,0,77094797,2014-09-21T04:09:12Z,181.114.37.229,Anonymous,157228,elaboration
2730,|Tierra|,0,77102484,2014-09-21T17:32:05Z,186.153.93.105,Anonymous,155834,
2730,|Tierra|,0,77104234,2014-09-21T19:14:38Z,181.74.169.230,Anonymous,155839,
2730,|Tierra|,0,77108687,2014-09-21T23:24:51Z,190.22.134.71,Anonymous,156060,"vandalism,elaboration"
2730,|Tierra|,0,77108700,2014-09-21T23:25:51Z,936194,|Jkbw|,155828,
2730,|Tierra|,0,77160007,2014-09-24T14:05:03Z,190.52.174.156,Anonymous,155851,wikification
2730,|Tierra|,0,77160078,2014-09-24T14:10:40Z,190.52.174.156,Anonymous,155859,wikification
2730,|Tierra|,0,77160112,2014-09-24T14:12:51Z,190.52.174.156,Anonymous,155831,vandalism
2730,|Tierra|,0,77294655,2014-10-01T12:46:35Z,81.172.109.234,Anonymous,154121,vandalism
2730,|Tierra|,0,77316169,2014-10-02T16:12:13Z,83.37.202.232,Anonymous,155861,
2730,|Tierra|,0,77316202,2014-10-02T16:13:58Z,83.37.202.232,Anonymous,155864,
2730,|Tierra|,0,77316270,2014-10-02T16:18:09Z,188.87.135.60,Anonymous,155874,
2730,|Tierra|,0,77324975,2014-10-03T00:56:40Z,190.71.181.169,Anonymous,156081,elaboration
2730,|Tierra|,0,77391985,2014-10-06T18:51:11Z,186.92.78.76,Anonymous,155962,
2730,|Tierra|,0,77392007,2014-10-06T18:52:07Z,936194,|Jkbw|,155837,
2730,|Tierra|,0,77410191,2014-10-07T17:30:51Z,187.250.87.28,Anonymous,155844,
2730,|Tierra|,0,77410220,2014-10-07T17:32:23Z,936194,|Jkbw|,155837,counter-vandalism
2730,|Tierra|,0,77410278,2014-10-07T17:35:05Z,187.250.87.28,Anonymous,156235,"copy-editing,vandalism"
2730,|Tierra|,0,77459833,2014-10-10T07:31:15Z,79.154.206.96,Anonymous,155937,
2730,|Tierra|,0,77549888,2014-10-15T00:49:57Z,189.197.222.95,Anonymous,155931,
2730,|Tierra|,0,77605507,2014-10-17T20:23:52Z,77.27.98.114,Anonymous,155681,vandalism
2730,|Tierra|,0,77618605,2014-10-18T16:17:50Z,181.160.78.230,Anonymous,155977,"vandalism,elaboration"
2730,|Tierra|,0,77710396,2014-10-23T13:21:54Z,88.14.108.82,Anonymous,143981,vandalism
2730,|Tierra|,0,77806956,2014-10-28T14:27:31Z,83.56.0.84,Anonymous,155909,vandalism
2730,|Tierra|,0,77814827,2014-10-28T19:47:02Z,190.198.26.80,Anonymous,155968,vandalism
2730,|Tierra|,0,77814860,2014-10-28T19:47:45Z,936194,|Jkbw|,155908,wikification
2730,|Tierra|,0,77814924,2014-10-28T19:49:50Z,190.198.26.80,Anonymous,155907,wikification
2730,|Tierra|,0,77942261,2014-11-04T12:10:06Z,200.28.135.181,Anonymous,155940,vandalism
2730,|Tierra|,0,77949497,2014-11-04T18:25:14Z,190.26.64.48,Anonymous,155924,"copy-editing,vandalism"
2730,|Tierra|,0,78000501,2014-11-07T01:39:10Z,189.182.180.201,Anonymous,155953,"vandalism,elaboration"
2730,|Tierra|,0,78000509,2014-11-07T01:39:55Z,936194,|Jkbw|,155908,counter-vandalism
2730,|Tierra|,0,78083235,2014-11-11T15:28:06Z,91.117.22.10,Anonymous,157612,
2730,|Tierra|,0,78104623,2014-11-12T17:02:10Z,190.52.61.51,Anonymous,157619,vandalism
2730,|Tierra|,0,78141127,2014-11-14T12:23:16Z,186.14.253.12,Anonymous,157609,
2730,|Tierra|,0,78141221,2014-11-14T12:28:40Z,936194,|Jkbw|,157611,
2730,|Tierra|,0,78143838,2014-11-14T15:27:49Z,81.36.164.155,Anonymous,157617,vandalism
2730,|Tierra|,0,78208647,2014-11-18T03:29:37Z,181.211.29.75,Anonymous,157618,vandalism
2730,|Tierra|,0,78240775,2014-11-19T20:20:53Z,190.142.222.81,Anonymous,157034,
2730,|Tierra|,0,78250595,2014-11-20T09:40:49Z,79.155.38.144,Anonymous,157671,"wikification,process"
2730,|Tierra|,0,78256205,2014-11-20T17:31:29Z,190.236.36.44,Anonymous,157625,vandalism
2730,|Tierra|,0,78262405,2014-11-20T22:28:16Z,189.154.13.195,Anonymous,131839,vandalism
2730,|Tierra|,0,78262422,2014-11-20T22:28:47Z,936194,|Jkbw|,157611,"wikification,elaboration"
2730,|Tierra|,0,78264632,2014-11-21T00:36:48Z,187.191.56.18,Anonymous,145682,vandalism
2730,|Tierra|,0,78264727,2014-11-21T00:43:14Z,187.191.56.18,Anonymous,145682,vandalism
2730,|Tierra|,0,78264808,2014-11-21T00:50:42Z,187.191.56.18,Anonymous,157661,vandalism
2730,|Tierra|,0,78394068,2014-11-26T22:42:57Z,201.141.86.251,Anonymous,157624,
2730,|Tierra|,0,78394087,2014-11-26T22:43:49Z,936194,|Jkbw|,157611,
2730,|Tierra|,0,78394610,2014-11-26T23:06:15Z,82.159.109.134,Anonymous,157611,
2730,|Tierra|,0,78394685,2014-11-26T23:08:38Z,82.159.109.134,Anonymous,157617,fact-update
2730,|Tierra|,0,78394698,2014-11-26T23:09:06Z,936194,|Jkbw|,157611,
2730,|Tierra|,0,78510488,2014-12-02T21:20:52Z,142.255.225.16,Anonymous,157624,copy-editing
2730,|Tierra|,0,78510507,2014-12-02T21:21:49Z,142.255.225.16,Anonymous,157622,copy-editing
2730,|Tierra|,0,78519094,2014-12-03T08:06:39Z,83.36.0.29,Anonymous,157622,copy-editing
2730,|Tierra|,0,78535023,2014-12-04T00:30:35Z,186.87.110.88,Anonymous,157625,copy-editing
2730,|Tierra|,0,78535124,2014-12-04T00:35:59Z,936194,|Jkbw|,157622,copy-editing
2730,|Tierra|,0,78697076,2014-12-11T05:16:04Z,201.171.217.69,Anonymous,157643,
2730,|Tierra|,0,78713436,2014-12-11T19:40:54Z,186.84.218.94,Anonymous,157631,vandalism
2730,|Tierra|,0,78713470,2014-12-11T19:43:12Z,186.84.218.94,Anonymous,157646,
2730,|Tierra|,0,79365370,2015-01-13T02:59:18Z,186.60.77.27,Anonymous,156972,
2730,|Tierra|,0,79365440,2015-01-13T03:05:16Z,186.60.77.27,Anonymous,151503,copy-editing
2730,|Tierra|,0,79787621,2015-02-03T12:24:42Z,85.192.77.185,Anonymous,157079,fact-update
2730,|Tierra|,0,79832205,2015-02-04T19:17:28Z,187.161.116.136,Anonymous,157084,
2730,|Tierra|,0,79832253,2015-02-04T19:19:40Z,187.161.116.136,Anonymous,157085,
2730,|Tierra|,0,79832308,2015-02-04T19:21:34Z,187.161.116.136,Anonymous,157075,
2730,|Tierra|,0,79832315,2015-02-04T19:21:47Z,936194,|Jkbw|,157082,copy-editing
2730,|Tierra|,0,79997267,2015-02-12T23:56:40Z,190.184.178.153,Anonymous,157287,vandalism
2730,|Tierra|,0,79997273,2015-02-12T23:56:58Z,936194,|Jkbw|,157267,counter-vandalism
2730,|Tierra|,0,80091557,2015-02-17T15:06:58Z,195.77.128.141,Anonymous,157291,vandalism
2730,|Tierra|,0,80253876,2015-02-25T17:04:55Z,82.158.167.6,Anonymous,157276,
2730,|Tierra|,0,80495472,2015-03-09T20:08:11Z,189.213.13.68,Anonymous,153798,
2730,|Tierra|,0,80539108,2015-03-11T23:20:57Z,186.77.139.185,Anonymous,157312,
2730,|Tierra|,0,80590776,2015-03-14T15:01:39Z,190.212.242.62,Anonymous,157300,
2730,|Tierra|,0,80602163,2015-03-15T01:38:40Z,186.55.173.77,Anonymous,157213,
2730,|Tierra|,0,80636300,2015-03-16T20:49:29Z,190.79.156.119,Anonymous,157267,wikification
2730,|Tierra|,0,80656167,2015-03-17T19:37:39Z,187.163.182.117,Anonymous,157328,
2730,|Tierra|,0,80656330,2015-03-17T19:43:39Z,187.163.182.117,Anonymous,157317,vandalism
2730,|Tierra|,0,80656342,2015-03-17T19:43:59Z,936194,|Jkbw|,157293,"counter-vandalism,simplification"
2730,|Tierra|,0,80657336,2015-03-17T20:25:41Z,936194,|Jkbw|,157293,
2730,|Tierra|,0,80657371,2015-03-17T20:27:45Z,936194,|Jkbw|,157293,
2730,|Tierra|,0,80657406,2015-03-17T20:30:10Z,936194,|Jkbw|,157293,
2730,|Tierra|,0,80957490,2015-03-23T19:53:15Z,181.53.8.212,Anonymous,157328,vandalism
2730,|Tierra|,0,80957495,2015-03-23T19:53:27Z,936194,|Jkbw|,157293,fact-update
2730,|Tierra|,0,80974957,2015-03-24T16:50:39Z,186.93.177.180,Anonymous,157289,"wikification,vandalism"
2730,|Tierra|,0,81367465,2015-04-12T17:57:51Z,181.64.192.18,Anonymous,157304,vandalism
2730,|Tierra|,0,81451518,2015-04-16T13:49:08Z,190.82.115.224,Anonymous,157300,
2730,|Tierra|,0,81474006,2015-04-17T14:44:01Z,187.188.76.162,Anonymous,156765,
2730,|Tierra|,0,81474082,2015-04-17T14:48:31Z,187.188.76.162,Anonymous,157314,
2730,|Tierra|,0,81713744,2015-04-19T18:52:44Z,37.133.146.238,Anonymous,157355,vandalism
2730,|Tierra|,0,81713806,2015-04-19T18:53:34Z,37.133.146.238,Anonymous,157375,
2730,|Tierra|,0,81951505,2015-04-21T21:42:25Z,189.188.239.246,Anonymous,157479,
2730,|Tierra|,0,81951597,2015-04-21T21:46:56Z,189.188.239.246,Anonymous,157535,
2730,|Tierra|,0,81951603,2015-04-21T21:47:11Z,936194,|Jkbw|,157369,counter-vandalism
2730,|Tierra|,0,81965141,2015-04-22T15:42:37Z,77.231.171.141,Anonymous,157388,vandalism
2730,|Tierra|,0,81992467,2015-04-23T20:53:20Z,181.51.88.51,Anonymous,157454,"vandalism,elaboration"
2730,|Tierra|,0,81992474,2015-04-23T20:53:41Z,936194,|Jkbw|,157369,counter-vandalism
2730,|Tierra|,0,81992641,2015-04-23T21:02:15Z,181.51.88.51,Anonymous,157482,
2730,|Tierra|,0,81992765,2015-04-23T21:07:12Z,181.51.88.51,Anonymous,157418,vandalism
2730,|Tierra|,0,81993076,2015-04-23T21:21:35Z,181.51.88.51,Anonymous,157421,elaboration
2730,|Tierra|,0,81993095,2015-04-23T21:22:59Z,936194,|Jkbw|,157369,
2730,|Tierra|,0,81993174,2015-04-23T21:27:46Z,181.51.88.51,Anonymous,157411,vandalism
2730,|Tierra|,0,81993176,2015-04-23T21:27:57Z,936194,|Jkbw|,157369,wikification
2730,|Tierra|,0,81993357,2015-04-23T21:38:45Z,181.51.88.51,Anonymous,157463,elaboration
2730,|Tierra|,0,81993362,2015-04-23T21:38:59Z,936194,|Jkbw|,157369,
2730,|Tierra|,0,81993399,2015-04-23T21:40:35Z,181.51.88.51,Anonymous,157462,
2730,|Tierra|,0,81993423,2015-04-23T21:41:30Z,936194,|Jkbw|,157369,
2730,|Tierra|,0,81993456,2015-04-23T21:43:07Z,181.51.88.51,Anonymous,157380,vandalism
2730,|Tierra|,0,81993462,2015-04-23T21:43:19Z,936194,|Jkbw|,157369,
2730,|Tierra|,0,81993608,2015-04-23T21:50:15Z,181.51.88.51,Anonymous,158215,vandalism
2730,|Tierra|,0,81993650,2015-04-23T21:52:02Z,936194,|Jkbw|,157369,
2730,|Tierra|,0,81993675,2015-04-23T21:53:05Z,181.51.88.51,Anonymous,157377,"copy-editing,vandalism"
2730,|Tierra|,0,81993677,2015-04-23T21:53:15Z,936194,|Jkbw|,157369,
2730,|Tierra|,0,81993702,2015-04-23T21:54:32Z,181.51.88.51,Anonymous,157489,vandalism
2730,|Tierra|,0,81993710,2015-04-23T21:54:58Z,936194,|Jkbw|,157369,
2730,|Tierra|,0,81993975,2015-04-23T22:07:36Z,181.51.88.51,Anonymous,157410,vandalism
2730,|Tierra|,0,81993986,2015-04-23T22:08:08Z,936194,|Jkbw|,157369,
2730,|Tierra|,0,81994018,2015-04-23T22:09:47Z,181.51.88.51,Anonymous,157408,
2730,|Tierra|,0,81994021,2015-04-23T22:09:57Z,936194,|Jkbw|,157369,
2730,|Tierra|,0,81994037,2015-04-23T22:10:52Z,181.51.88.51,Anonymous,157400,
2730,|Tierra|,0,81994042,2015-04-23T22:11:00Z,936194,|Jkbw|,157369,
2730,|Tierra|,0,81995215,2015-04-23T23:13:03Z,186.55.189.188,Anonymous,157370,wikification
2730,|Tierra|,0,81995305,2015-04-23T23:18:35Z,936194,|Jkbw|,157369,wikification
2730,|Tierra|,0,82007858,2015-04-24T15:47:46Z,186.103.157.252,Anonymous,157386,vandalism
2730,|Tierra|,0,82056377,2015-04-27T00:14:03Z,186.90.251.146,Anonymous,157458,
2730,|Tierra|,0,82074918,2015-04-27T21:32:45Z,190.43.174.67,Anonymous,157369,copy-editing
2730,|Tierra|,0,82075016,2015-04-27T21:36:52Z,190.43.174.67,Anonymous,157370,"copy-editing,vandalism"
2730,|Tierra|,0,82075031,2015-04-27T21:37:23Z,936194,|Jkbw|,157369,copy-editing
2730,|Tierra|,0,82075351,2015-04-27T21:49:47Z,190.43.174.67,Anonymous,157384,wikification
2730,|Tierra|,0,82075419,2015-04-27T21:52:14Z,936194,|Jkbw|,157369,"copy-editing,wikification"
2730,|Tierra|,0,82075700,2015-04-27T22:04:02Z,190.43.174.67,Anonymous,157395,elaboration
2730,|Tierra|,0,82075712,2015-04-27T22:04:24Z,936194,|Jkbw|,157369,
2730,|Tierra|,0,83163235,2015-06-13T21:09:46Z,798532,|Jorge 2701|,157674,
2730,|Tierra|,0,90764932,2016-04-29T16:58:54Z,167.91.0.226,Anonymous,160134,wikification
2730,|Tierra|,0,90764954,2016-04-29T17:00:24Z,936194,|Jkbw|,160128,wikification
2730,|Tierra|,0,90802871,2016-05-01T16:15:36Z,181.165.43.68,Anonymous,159996,fact-update
2730,|Tierra|,0,90941918,2016-05-08T21:59:55Z,201.179.145.229,Anonymous,160138,vandalism
2730,|Tierra|,0,90959710,2016-05-09T18:51:33Z,95.39.236.100,Anonymous,160128,copy-editing
2730,|Tierra|,0,90984142,2016-05-10T22:11:31Z,190.55.192.220,Anonymous,160173,
2730,|Tierra|,0,91041082,2016-05-13T18:59:32Z,190.55.193.69,Anonymous,160184,"vandalism,elaboration"
2730,|Tierra|,0,91065798,2016-05-15T00:40:41Z,186.31.232.64,Anonymous,160094,fact-update
2730,|Tierra|,0,91173616,2016-05-19T23:22:05Z,186.146.49.82,Anonymous,160145,
2730,|Tierra|,0,91175600,2016-05-20T01:24:20Z,201.233.128.228,Anonymous,160171,vandalism
2730,|Tierra|,0,91262270,2016-05-24T15:19:48Z,37.11.200.172,Anonymous,160125,copy-editing
2730,|Tierra|,0,91262280,2016-05-24T15:20:21Z,37.11.200.172,Anonymous,160113,
2730,|Tierra|,0,91271717,2016-05-24T22:44:21Z,200.121.254.29,Anonymous,160120,wikification
2730,|Tierra|,0,91310812,2016-05-26T21:02:15Z,200.121.254.41,Anonymous,160159,elaboration
2730,|Tierra|,0,91319880,2016-05-27T10:13:43Z,85.192.78.74,Anonymous,160217,
2730,|Tierra|,0,91329289,2016-05-27T20:48:08Z,186.125.47.201,Anonymous,160291,elaboration
2730,|Tierra|,0,91382083,2016-05-30T14:37:44Z,187.234.219.7,Anonymous,160309,elaboration
2730,|Tierra|,0,91396252,2016-05-31T00:34:05Z,186.158.142.145,Anonymous,160250,"wikification,vandalism"
2730,|Tierra|,0,91396304,2016-05-31T00:38:00Z,936194,|Jkbw|,160244,wikification
2730,|Tierra|,0,91403987,2016-05-31T13:46:39Z,187.226.73.107,Anonymous,160214,wikification
2730,|Tierra|,0,91403989,2016-05-31T13:46:45Z,187.226.73.107,Anonymous,160207,vandalism
2730,|Tierra|,0,91410988,2016-05-31T19:18:38Z,190.166.116.104,Anonymous,160253,wikification
2730,|Tierra|,0,91449175,2016-06-02T16:11:07Z,201.247.171.63,Anonymous,160258,vandalism
2730,|Tierra|,0,91449181,2016-06-02T16:11:39Z,201.247.171.63,Anonymous,160255,"copy-editing,point-of-view"
2730,|Tierra|,0,91456626,2016-06-02T22:23:03Z,189.242.26.144,Anonymous,159856,"vandalism,process"
2730,|Tierra|,0,91473582,2016-06-03T21:11:40Z,205.211.246.193,Anonymous,148624,copy-editing
2730,|Tierra|,0,91530376,2016-06-06T17:23:14Z,92.185.86.45,Anonymous,160345,vandalism
2730,|Tierra|,0,91542754,2016-06-07T07:14:20Z,150.214.94.247,Anonymous,160368,
2730,|Tierra|,0,91601797,2016-06-10T01:04:01Z,186.118.221.35,Anonymous,160461,
2730,|Tierra|,0,91640011,2016-06-12T02:40:10Z,72.50.87.63,Anonymous,160329,vandalism
2730,|Tierra|,0,91640055,2016-06-12T02:43:37Z,72.50.87.63,Anonymous,160302,"fact-update,vandalism"
2730,|Tierra|,0,91670863,2016-06-13T15:49:23Z,187.191.10.16,Anonymous,160395,wikification
2730,|Tierra|,0,91679988,2016-06-13T23:29:33Z,189.148.42.120,Anonymous,160268,wikification
2730,|Tierra|,0,91685522,2016-06-14T07:12:17Z,88.3.229.242,Anonymous,160282,fact-update
2730,|Tierra|,0,91685575,2016-06-14T07:16:52Z,936194,|Jkbw|,160299,wikification
2730,|Tierra|,0,91687426,2016-06-14T10:54:28Z,83.213.123.147,Anonymous,160334,wikification
2730,|Tierra|,0,91708266,2016-06-15T09:53:59Z,83.213.123.147,Anonymous,160332,copy-editing
2730,|Tierra|,0,91708383,2016-06-15T10:08:57Z,83.213.123.147,Anonymous,160336,copy-editing
2730,|Tierra|,0,91708522,2016-06-15T10:24:13Z,83.213.123.147,Anonymous,160332,copy-editing
2730,|Tierra|,0,91708576,2016-06-15T10:30:00Z,83.213.123.147,Anonymous,160315,wikification
2730,|Tierra|,0,91708697,2016-06-15T10:46:18Z,83.213.123.147,Anonymous,160326,
2730,|Tierra|,0,91756501,2016-06-17T16:33:17Z,190.13.144.42,Anonymous,159332,vandalism
2730,|Tierra|,0,91762367,2016-06-17T21:02:16Z,177.241.159.60,Anonymous,160421,"vandalism,elaboration"
2730,|Tierra|,0,91791658,2016-06-19T11:02:24Z,79.155.219.19,Anonymous,160502,elaboration
2730,|Tierra|,0,91801902,2016-06-19T22:27:52Z,167.61.100.215,Anonymous,160329,wikification
2730,|Tierra|,0,91847320,2016-06-22T02:55:01Z,201.110.89.222,Anonymous,161489,
2730,|Tierra|,0,91847336,2016-06-22T02:56:14Z,201.110.89.222,Anonymous,161362,vandalism
2730,|Tierra|,0,91847552,2016-06-22T03:14:12Z,201.110.89.222,Anonymous,161581,
2730,|Tierra|,0,91854684,2016-06-22T15:48:05Z,190.234.106.254,Anonymous,161487,vandalism
2730,|Tierra|,0,91854692,2016-06-22T15:48:41Z,190.234.106.254,Anonymous,161496,
2730,|Tierra|,0,91855492,2016-06-22T16:31:17Z,216.155.90.173,Anonymous,161489,
2730,|Tierra|,0,91966482,2016-06-28T15:16:42Z,170.51.58.132,Anonymous,161482,fact-update
2730,|Tierra|,0,91995960,2016-06-29T23:39:58Z,177.231.157.233,Anonymous,161621,verifiability
2730,|Tierra|,0,92005450,2016-06-30T14:01:23Z,64.237.225.164,Anonymous,161597,vandalism
2730,|Tierra|,0,92075981,2016-07-04T03:26:37Z,189.166.253.53,Anonymous,161561,
2730,|Tierra|,0,92087184,2016-07-04T19:00:16Z,200.125.51.154,Anonymous,161559,vandalism
2730,|Tierra|,0,92100099,2016-07-05T11:33:25Z,83.41.164.237,Anonymous,161535,copy-editing
2730,|Tierra|,0,92409667,2016-07-20T22:58:17Z,181.227.80.15,Anonymous,161535,
2730,|Tierra|,0,92462671,2016-07-23T14:31:13Z,200.3.145.81,Anonymous,161541,vandalism
2730,|Tierra|,0,92471864,2016-07-23T22:54:45Z,190.28.160.24,Anonymous,161543,fact-update
2730,|Tierra|,0,92486644,2016-07-24T19:11:26Z,181.50.38.116,Anonymous,161545,clarification
2730,|Tierra|,0,92486755,2016-07-24T19:17:46Z,181.50.38.116,Anonymous,161426,
2730,|Tierra|,0,92524966,2016-07-26T15:55:03Z,187.138.27.185,Anonymous,161591,
2730,|Tierra|,0,92534604,2016-07-27T00:14:02Z,190.52.48.200,Anonymous,161525,vandalism
2730,|Tierra|,0,92858456,2016-08-10T00:25:30Z,187.140.61.44,Anonymous,161519,copy-editing
2730,|Tierra|,0,92945877,2016-08-14T21:13:00Z,24.139.123.55,Anonymous,161508,fact-update
2730,|Tierra|,0,93312592,2016-08-31T20:20:31Z,190.147.238.254,Anonymous,161526,vandalism
2730,|Tierra|,0,93312650,2016-08-31T20:22:52Z,190.147.238.254,Anonymous,161535,vandalism
2730,|Tierra|,0,93601723,2016-09-14T14:25:38Z,186.103.159.215,Anonymous,161528,wikification
2730,|Tierra|,0,93621002,2016-09-15T13:38:26Z,186.6.135.234,Anonymous,162424,elaboration
2730,|Tierra|,0,93655771,2016-09-16T13:31:14Z,179.33.112.3,Anonymous,162393,copy-editing
2730,|Tierra|,0,93679324,2016-09-17T14:40:39Z,189.131.46.192,Anonymous,162373,fact-update
2730,|Tierra|,0,93679335,2016-09-17T14:41:33Z,189.131.46.192,Anonymous,162382,"wikification,vandalism"
2730,|Tierra|,0,93679342,2016-09-17T14:41:59Z,936194,|Jkbw|,162392,wikification
2730,|Tierra|,0,93789133,2016-09-20T18:48:13Z,186.78.15.160,Anonymous,162411,
2730,|Tierra|,0,93949334,2016-09-27T22:22:02Z,181.198.68.156,Anonymous,162397,vandalism
2730,|Tierra|,0,94062406,2016-10-03T13:50:25Z,91.117.250.81,Anonymous,162448,
2730,|Tierra|,0,94062488,2016-10-03T13:55:45Z,91.117.250.81,Anonymous,162468,
2730,|Tierra|,0,94101721,2016-10-04T21:58:54Z,189.158.105.229,Anonymous,162383,wikification
2730,|Tierra|,0,94266427,2016-10-12T14:42:11Z,92.56.218.47,Anonymous,162438,fact-update
2730,|Tierra|,0,94358537,2016-10-17T03:55:29Z,189.238.121.170,Anonymous,162414,copy-editing
2730,|Tierra|,0,94369856,2016-10-17T18:45:42Z,201.231.2.76,Anonymous,162444,"copy-editing,vandalism"
2730,|Tierra|,0,94376435,2016-10-18T00:09:18Z,187.223.21.231,Anonymous,162443,elaboration
2730,|Tierra|,0,94431755,2016-10-20T15:10:10Z,181.104.88.241,Anonymous,162421,fact-update
2730,|Tierra|,0,94480209,2016-10-22T18:37:10Z,79.144.203.24,Anonymous,162429,vandalism
2730,|Tierra|,0,94538219,2016-10-25T00:21:43Z,186.46.201.143,Anonymous,162449,
2730,|Tierra|,0,94564694,2016-10-26T01:50:58Z,187.146.95.156,Anonymous,162383,fact-update
2730,|Tierra|,0,94569220,2016-10-26T08:47:23Z,195.55.127.162,Anonymous,162458,vandalism
2730,|Tierra|,0,94833830,2016-11-07T00:11:59Z,190.137.21.50,Anonymous,162433,
2730,|Tierra|,0,94927240,2016-11-11T02:00:46Z,189.253.16.189,Anonymous,162454,vandalism
2730,|Tierra|,0,95003669,2016-11-14T22:39:33Z,77.228.79.68,Anonymous,162451,
2730,|Tierra|,0,95018711,2016-11-15T17:48:37Z,187.189.106.175,Anonymous,162478,"vandalism,elaboration"
2730,|Tierra|,0,95018755,2016-11-15T17:50:03Z,187.189.106.175,Anonymous,162478,"vandalism,elaboration"
2730,|Tierra|,0,95170789,2016-11-22T23:34:50Z,201.114.13.120,Anonymous,162433,"fact-update,wikification"
2730,|Tierra|,0,95181047,2016-11-23T15:01:58Z,89.29.240.228,Anonymous,162456,
2730,|Tierra|,0,95269276,2016-11-27T20:56:46Z,177.247.112.114,Anonymous,162074,
2730,|Tierra|,0,95269498,2016-11-27T21:04:57Z,177.247.112.114,Anonymous,161893,
2730,|Tierra|,0,95329351,2016-11-30T15:30:30Z,188.77.90.177,Anonymous,162442,vandalism
2730,|Tierra|,0,95339537,2016-11-30T23:02:02Z,191.113.108.136,Anonymous,162430,wikification
2730,|Tierra|,0,95419199,2016-12-04T23:53:04Z,201.249.186.171,Anonymous,162430,wikification
2730,|Tierra|,0,95458863,2016-12-06T21:55:06Z,201.228.250.67,Anonymous,162433,"fact-update,copy-editing"
2730,|Tierra|,0,95518781,2016-12-09T21:28:59Z,190.87.103.152,Anonymous,162433,"copy-editing,vandalism"
2730,|Tierra|,0,95543680,2016-12-11T03:53:36Z,189.136.214.42,Anonymous,162431,
2730,|Tierra|,0,95648690,2016-12-16T11:49:59Z,186.149.98.19,Anonymous,162460,
2730,|Tierra|,0,95890844,2016-12-28T22:23:58Z,200.83.214.210,Anonymous,162432,
2730,|Tierra|,0,96012053,2017-01-04T17:56:03Z,88.25.104.108,Anonymous,162470,
2730,|Tierra|,0,96214504,2017-01-14T14:46:59Z,84.78.24.155,Anonymous,162483,
2730,|Tierra|,0,96324698,2017-01-19T22:26:11Z,201.242.212.226,Anonymous,162458,vandalism
2730,|Tierra|,0,96324718,2017-01-19T22:27:12Z,201.242.212.226,Anonymous,162451,wikification
2730,|Tierra|,0,96441880,2017-01-25T18:35:37Z,187.163.156.167,Anonymous,162472,
2730,|Tierra|,0,96579905,2017-01-31T19:20:05Z,213.143.61.69,Anonymous,162520,"wikification,elaboration"
2730,|Tierra|,0,96583799,2017-01-31T22:22:40Z,181.143.80.122,Anonymous,162454,
2730,|Tierra|,0,96583828,2017-01-31T22:23:38Z,181.143.80.122,Anonymous,162424,
