rev_id,labels
31701649,
31701794,
33476502,
33476525,
33476649,
34138787,
41277438,
47965403,
77954596,
98270938,
99833125,
107784181,
113335493,
115303002,
131633948,
163692697,
163692791,
165183266,
165183551,
165184120,
165192975,
165193444,
165220305,
209096512,
235677441,
235677742,
235677980,
235712823,
236175780,
245126744,
257327806,
258021141,
268329745,
268329941,
268331570,
268333860,
268335011,
268335127,
268335397,
268335932,
268336390,
268336864,
268424910,
268465045,
268465225,
268465316,
269109600,
269109763,
269109974,
269110032,
269110623,
269110909,
269111381,
269111955,
269113187,
269113295,
269113325,
269114394,
269114497,
269114557,
269114681,
269114764,
269116819,
269119566,
269119631,
269121123,
269121224,
269121302,
269123043,
269123200,
269123313,
269123464,
269123503,
269155106,
269156058,
269156400,
269386269,
269664791,
269807563,
274704616,
274704891,
274942661,
274943842,
274944446,
274945354,
274974271,
274981584,
274992989,
274993173,
274994813,
274994884,
274995325,
274995723,
274996611,
274999116,
275011241,
275012173,
275029561,
275031484,
275032550,
275032795,
275058459,
275059029,
275061363,
275062898,
275091759,
275093168,
275093746,
275095024,
275095883,
275096480,
275096733,
275096901,
275098429,
275098976,
275099438,
275108620,
275108873,
275109562,
275109635,
275111249,
275111801,
275112258,
275176326,
275177032,
275182470,
275182739,
275185935,
275186100,
275186224,
275187719,
275188885,
275188945,
275220094,
275223282,
275310230,
275399495,
275400264,
275418693,
275419147,
275419287,
275462065,
275462272,
275463386,
275566929,
275567075,
275567214,
275567346,
275567808,
276103651,
276106713,
276107458,
276107961,
276108206,
276110581,
276110756,
276116223,
276116660,
276120108,
276124138,
276124803,
276131921,
276136942,
276137703,
276144286,
276144868,
276148184,
276148517,
276152066,
276171610,
276174114,
276178535,
276184137,
276187110,
276191529,
276195617,
276196693,
276196832,
276257687,
276259514,
276260276,
276263259,
276263346,
276299345,
276325767,
276419913,
276420081,
276420208,
276840350,
276841547,
276847304,
276847546,
276848377,
276849283,
276850526,
276850865,
276851143,
276853556,
276855181,
276855313,
276857087,
276857323,
276857601,
276857715,
276857785,
276862252,
276862368,
276862860,
276863224,
276871990,
276873225,
276873379,
276875926,
276876163,
276877204,
276905597,
276905792,
276906033,
276906204,
276957911,
276958318,
276967427,
276967515,
276967834,
276967969,
276968168,
277012990,
277025255,
277025376,
277025542,
279654822,
280062020,
280062194,
280062985,
280065266,
280066732,
280067497,
280432951,
280433155,
280433312,
280435838,
280438231,
280439283,
280452263,
280455623,
280456912,
280457934,
280458617,
280461258,
280461700,
280461836,
280462160,
280462382,
280462546,
280462715,
280462931,
280465179,
280467947,
280468058,
280468653,
280470034,
280470939,
280472951,
280473945,
280486915,
280487395,
280487675,
280499978,
280935176,
280967715,
282220021,
282229791,
282756832,
286428166,
286428925,
286514728,
286516098,
287354768,
287355534,
287356612,
287425251,
287425682,
287425854,
288113148,
288114131,
288351815,
288351949,
288352073,
288484555,
288578187,
288583555,
288655552,
288655801,
288657424,
288657633,
288658030,
288658148,
288663574,
288664321,
288664439,
288664578,
288669087,
288672951,
288673167,
288675216,
288675565,
288675637,
288676928,
288686782,
288798175,
288800105,
289679016,
291527393,
291551927,
291552097,
291552166,
291552517,
291553982,
291554104,
291554175,
291610720,
291738413,
291812176,
291958374,
292251799,
292252526,
292252881,
300392690,
300822707,
300824877,
300825612,
303440677,
303778403,
304812347,
304813040,
304813791,
304813938,
305017028,
305069225,
305069287,
305070422,
305070805,
305076181,
305076445,
305076914,
305279043,
317788379,
317789244,
317789889,
319348344,
326447780,
328158623,
328319143,
328972998,
330920121,
330920536,
330920668,
330920820,
331198155,
331199330,
331199675,
331199745,
331758009,
331762884,
331792261,
332090874,
333135895,
333137263,
333407203,
333534168,
333534538,
333535411,
334195596,
334438416,
335426137,
335543541,
335543973,
335544061,
335545865,
335546717,
335546984,
335547030,
335547264,
335547418,
335548325,
335550025,
335550072,
335550547,
335550680,
335551097,
335552337,
335552382,
335552953,
335553146,
335553239,
335553395,
335553443,
335556119,
335556176,
335556300,
335556312,
335558114,
335563392,
335563504,
335575460,
335575781,
335576636,
335576876,
335577049,
335577424,
335577697,
335578032,
335578184,
335578263,
335588376,
335589115,
335589365,
335592719,
335605015,
335605293,
335605305,
335611061,
335611307,
335619230,
335620102,
335620771,
335621907,
335622579,
335623234,
335647581,
335649816,
335649894,
335650014,
335651371,
335651653,
335652240,
335654982,
335656984,
335657669,
335657765,
335657808,
335657874,
335658001,
335663584,
335663795,
335667161,
335668358,
335669281,
335670406,
335671406,
335672078,
335672262,
335685782,
335685926,
335688125,
335693878,
336036092,
336040104,
336122383,
336144549,
336160423,
336161031,
336233957,
336244368,
336261096,
336515208,
345110206,
345110348,
348898417,
360835748,
360836423,
360957434,
363027860,
372039460,
372041583,
376055313,
377672470,
377673787,
378471995,
378472116,
378486246,
379540598,
381140782,
381617783,
381617811,
381618175,
381618786,
387377238,
389952499,
389955595,
389959264,
389959899,
390136442,
390145487,
390145706,
390145821,
390145822,
390893689,
395904789,
396594948,
406911602,
413985380,
428833474,
429469325,
431385351,
432441633,
432445311,
459058764,
459058800,
459059118,
460127307,
465863777,
468852526,
468852620,
489659024,
489659401,
489660065,
489660776,
491755971,
522151643,
541783826,
547659821,
547661441,
547663997,
547664252,
552457769,
560607104,
566111409,
566111417,
566111512,
566111530,
566111656,
566111689,
575278298,
580822602,
584903520,
586348981,
588753930,
607432216,
615773309,
619769789,
623883441,
627672923,
638498153,
639440218,
639505314,
640101613,
640102138,
640102778,
660307771,
663564569,
664013793,
671900535,
672020226,
706431722,
708558818,
722800862,
730686363,
764517192,
769928600,
776540048,
787500495,
789333086,
798979053,
801762515,
852234264,
