page_id,page_title,page_ns,revision_id,timestamp,contributor_id,contributor_name,bytes,intentionality
62818,|Odín|,0,233909,2004-09-01T19:09:54Z,16574,|Noradrex|,402,"['wikification', 'elaboration']"
62818,|Odín|,0,266186,2004-09-01T21:10:10Z,15011,|Sms|,674,"['wikification', 'elaboration']"
62818,|Odín|,0,315698,2004-09-24T00:39:50Z,16359,|Jsanchezes|,711,['wikification']
62818,|Odín|,0,315811,2004-10-27T22:41:24Z,19241,|לערי ריינהארט|,725,['wikification']
62818,|Odín|,0,388716,2004-10-28T00:05:52Z,19241,|לערי ריינהארט|,724,['wikification']
62818,|Odín|,0,445394,2004-12-12T22:51:48Z,17560,|Sunsinron|,726,['vandalism']
62818,|Odín|,0,509581,2005-01-20T12:57:24Z,150.214.54.179,Anonymous,1124,['elaboration']
62818,|Odín|,0,509583,2005-03-05T00:57:10Z,25927,|Jorgeauli|,1286,"['wikification', 'elaboration']"
62818,|Odín|,0,509586,2005-03-05T00:57:57Z,25927,|Jorgeauli|,1288,[]
62818,|Odín|,0,522911,2005-03-05T00:58:37Z,25927,|Jorgeauli|,1288,['copy-editing']
62818,|Odín|,0,587871,2005-03-14T00:19:10Z,19241,|לערי ריינהארט|,1341,"['wikification', 'elaboration']"
62818,|Odín|,0,707238,2005-04-17T05:18:32Z,19241,|לערי ריינהארט|,1314,['wikification']
62818,|Odín|,0,707239,2005-05-26T01:45:38Z,200.86.150.24,Anonymous,1399,"['wikification', 'elaboration']"
62818,|Odín|,0,794456,2005-05-26T01:46:20Z,200.86.150.24,Anonymous,1402,['wikification']
62818,|Odín|,0,804249,2005-06-20T03:29:31Z,26594,|Beren2|,1401,['copy-editing']
62818,|Odín|,0,812192,2005-06-22T17:36:45Z,19754,|Mandramas|,1439,['wikification']
62818,|Odín|,0,880618,2005-06-24T23:01:08Z,39982,|Dwalin~eswiki|,1481,[]
62818,|Odín|,0,1069253,2005-08-01T01:41:16Z,80.58.19.42,Anonymous,1535,"['wikification', 'elaboration']"
62818,|Odín|,0,1083980,2005-08-03T22:43:23Z,66.249.204.199,Anonymous,1536,['copy-editing']
62818,|Odín|,0,1090007,2005-08-04T21:25:41Z,19542,|Yawmoght|,1603,['elaboration']
62818,|Odín|,0,1401566,2005-09-29T17:09:25Z,36641,|Orgullobot~eswiki|,1754,['wikification']
62818,|Odín|,0,1454841,2005-10-09T03:20:16Z,217.216.63.231,Anonymous,1757,['wikification']
62818,|Odín|,0,1454860,2005-10-09T03:25:28Z,60894,|Amadosanchez|,1767,['wikification']
62818,|Odín|,0,1551750,2005-10-26T22:53:25Z,32751,|Rembiapo pohyiete (bot)|,1779,['wikification']
62818,|Odín|,0,1685287,2005-11-20T23:11:46Z,37563,|RobotQuistnix|,1778,[]
62818,|Odín|,0,1760722,2005-12-04T19:17:59Z,81.34.42.141,Anonymous,1779,['copy-editing']
62818,|Odín|,0,1841010,2005-12-16T06:06:43Z,37563,|RobotQuistnix|,1791,['wikification']
62818,|Odín|,0,1850137,2005-12-17T17:07:53Z,37563,|RobotQuistnix|,1803,['wikification']
62818,|Odín|,0,1956551,2006-01-01T21:39:50Z,8547,|Zwobot|,1819,['wikification']
62818,|Odín|,0,2011422,2006-01-09T02:20:24Z,37563,|RobotQuistnix|,1833,['wikification']
62818,|Odín|,0,2150315,2006-01-26T05:22:00Z,37563,|RobotQuistnix|,1859,['wikification']
62818,|Odín|,0,2212233,2006-02-02T18:14:39Z,44428,|.Sergio|,1948,['elaboration']
62818,|Odín|,0,2271688,2006-02-08T16:29:06Z,9477,|Javier Carro|,1993,['wikification']
62818,|Odín|,0,2394439,2006-02-23T15:23:19Z,37563,|RobotQuistnix|,2005,['wikification']
62818,|Odín|,0,2421857,2006-02-26T12:25:04Z,86.206.187.149,Anonymous,2001,['copy-editing']
62818,|Odín|,0,2428199,2006-02-27T01:31:40Z,93098,|Gizmo II|,1986,[]
62818,|Odín|,0,2451846,2006-03-01T19:05:31Z,200.45.244.246,Anonymous,1990,['wikification']
62818,|Odín|,0,2495813,2006-03-06T13:24:09Z,43433,|FlaBot|,2006,['wikification']
62818,|Odín|,0,2663663,2006-03-24T09:18:59Z,45033,|YurikBot|,2019,['wikification']
62818,|Odín|,0,2790971,2006-04-06T00:16:10Z,37563,|RobotQuistnix|,2031,['wikification']
62818,|Odín|,0,3016337,2006-04-29T02:58:18Z,45033,|YurikBot|,2046,['wikification']
62818,|Odín|,0,3463205,2006-06-07T17:25:42Z,62.14.223.62,Anonymous,2246,['elaboration']
62818,|Odín|,0,3463222,2006-06-07T17:26:36Z,126877,|Zerosxt|,2046,[]
62818,|Odín|,0,3468194,2006-06-07T23:24:57Z,36641,|Orgullobot~eswiki|,2074,['wikification']
62818,|Odín|,0,3527375,2006-06-12T20:45:41Z,201.255.159.160,Anonymous,2194,"['wikification', 'elaboration']"
62818,|Odín|,0,3527400,2006-06-12T20:46:55Z,15552,|Tostadora|,2074,[]
62818,|Odín|,0,3879573,2006-07-13T02:41:19Z,37563,|RobotQuistnix|,2086,['wikification']
62818,|Odín|,0,4026384,2006-07-24T15:43:40Z,83.53.119.125,Anonymous,2170,"['wikification', 'elaboration']"
62818,|Odín|,0,4669278,2006-09-11T12:09:44Z,82.158.153.248,Anonymous,2170,['copy-editing']
62818,|Odín|,0,4669341,2006-09-11T12:17:28Z,82.158.153.248,Anonymous,2231,['elaboration']
62818,|Odín|,0,5202704,2006-10-19T21:47:46Z,187970,|JAnDbot|,2233,['wikification']
62818,|Odín|,0,5239919,2006-10-22T15:13:54Z,42845,|BOT-Superzerocool|,2251,['wikification']
62818,|Odín|,0,6061054,2006-12-16T12:22:16Z,241787,|Bot-Schafter|,2267,['process']
62818,|Odín|,0,6221290,2006-12-27T20:58:56Z,69710,|BludgerPan|,2262,[]
62818,|Odín|,0,6232730,2006-12-28T18:02:37Z,57754,|Emex|,2249,['wikification']
62818,|Odín|,0,6344029,2007-01-05T20:37:48Z,43433,|FlaBot|,2264,"['refactoring', 'wikification']"
62818,|Odín|,0,6442819,2007-01-12T20:26:44Z,142610,|Thijs!bot|,2287,['wikification']
62818,|Odín|,0,6783984,2007-02-02T01:21:45Z,200.121.192.169,Anonymous,2363,['elaboration']
62818,|Odín|,0,6784330,2007-02-02T01:55:24Z,15514,|Cookie|,2360,['fact-update']
62818,|Odín|,0,7151483,2007-02-22T01:20:03Z,41517,|Osvaldiaz|,2398,['elaboration']
62818,|Odín|,0,7151493,2007-02-22T01:20:45Z,41517,|Osvaldiaz|,2402,['wikification']
62818,|Odín|,0,7206135,2007-02-25T02:05:21Z,37563,|RobotQuistnix|,2414,['wikification']
62818,|Odín|,0,7360340,2007-03-05T13:59:54Z,39213,|Chobot|,2428,['wikification']
62818,|Odín|,0,7507188,2007-03-13T09:05:52Z,187970,|JAnDbot|,2446,['wikification']
62818,|Odín|,0,8053465,2007-04-10T04:24:38Z,314642,|Matdrodes|,2444,['wikification']
62818,|Odín|,0,8090415,2007-04-11T22:29:00Z,200.2.119.115,Anonymous,2494,"['wikification', 'elaboration']"
62818,|Odín|,0,8303930,2007-04-22T14:31:50Z,37563,|RobotQuistnix|,2506,['wikification']
62818,|Odín|,0,8419792,2007-04-28T01:37:15Z,37563,|RobotQuistnix|,2518,['wikification']
62818,|Odín|,0,8887710,2007-05-19T00:06:02Z,81.37.183.84,Anonymous,2517,[]
62818,|Odín|,0,9123525,2007-05-29T17:42:50Z,65.200.157.177,Anonymous,2525,['vandalism']
62818,|Odín|,0,9123527,2007-05-29T17:43:17Z,65.200.157.177,Anonymous,2519,[]
62818,|Odín|,0,9123809,2007-05-29T17:53:49Z,93098,|Gizmo II|,2517,['wikification']
62818,|Odín|,0,9186077,2007-06-01T13:13:34Z,13822,|Ejmeza|,2489,['wikification']
62818,|Odín|,0,9271026,2007-06-05T19:11:36Z,37563,|RobotQuistnix|,2507,['wikification']
62818,|Odín|,0,9655905,2007-06-23T20:09:13Z,267410,|Eosphoros|,2533,['wikification']
62818,|Odín|,0,9658153,2007-06-23T22:30:39Z,93098,|Gizmo II|,2507,['wikification']
62818,|Odín|,0,10159442,2007-07-20T12:45:54Z,13770,|Dodo|,2504,['wikification']
62818,|Odín|,0,10250618,2007-07-25T05:06:06Z,314642,|Matdrodes|,62153,['wikification']
62818,|Odín|,0,10250784,2007-07-25T05:24:03Z,242544,|Netito777|,62153,['fact-update']
62818,|Odín|,0,10250850,2007-07-25T05:32:26Z,93098,|Gizmo II|,62152,['refactoring']
62818,|Odín|,0,10251016,2007-07-25T05:48:27Z,93098,|Gizmo II|,62156,"['fact-update', 'refactoring']"
62818,|Odín|,0,10251024,2007-07-25T05:49:41Z,93098,|Gizmo II|,62155,['fact-update']
62818,|Odín|,0,10251067,2007-07-25T05:55:23Z,314642,|Matdrodes|,62184,[]
62818,|Odín|,0,10251184,2007-07-25T06:09:20Z,93098,|Gizmo II|,63260,['wikification']
62818,|Odín|,0,10262153,2007-07-25T20:58:07Z,456838,|WikiBotas|,63469,"['wikification', 'elaboration']"
62818,|Odín|,0,10287745,2007-07-27T06:17:13Z,314642,|Matdrodes|,63468,['wikification']
62818,|Odín|,0,10513182,2007-08-08T09:17:16Z,314642,|Matdrodes|,63463,[]
62818,|Odín|,0,10537955,2007-08-09T17:00:35Z,212.166.234.106,Anonymous,63503,[]
62818,|Odín|,0,10930232,2007-08-28T12:35:17Z,314642,|Matdrodes|,63487,['wikification']
62818,|Odín|,0,10930611,2007-08-28T12:58:09Z,314642,|Matdrodes|,63487,['fact-update']
62818,|Odín|,0,11311880,2007-09-13T20:56:52Z,487616,|Draco narber|,59468,[]
62818,|Odín|,0,11311924,2007-09-13T20:58:37Z,314642,|Matdrodes|,63487,"['wikification', 'elaboration']"
62818,|Odín|,0,11576707,2007-09-25T00:11:42Z,200.90.206.212,Anonymous,63514,['vandalism']
62818,|Odín|,0,11576911,2007-09-25T00:20:19Z,314642,|Matdrodes|,63487,[]
62818,|Odín|,0,11630279,2007-09-27T03:48:48Z,314642,|Matdrodes|,63487,['copy-editing']
62818,|Odín|,0,11666169,2007-09-28T17:56:10Z,520728,|Iskari|,63850,['wikification']
62818,|Odín|,0,11666176,2007-09-28T17:56:36Z,520728,|Iskari|,63851,[]
62818,|Odín|,0,11678156,2007-09-29T04:46:53Z,314642,|Matdrodes|,63854,"['refactoring', 'wikification']"
62818,|Odín|,0,11811671,2007-10-04T16:06:55Z,343407,|J.M.Domingo|,63855,['copy-editing']
62818,|Odín|,0,11954860,2007-10-10T10:49:27Z,62.43.69.153,Anonymous,63855,"['copy-editing', 'vandalism']"
62818,|Odín|,0,12110729,2007-10-16T20:48:36Z,358050,|Dodecaedro|,63868,[]
62818,|Odín|,0,12110836,2007-10-16T20:52:55Z,358050,|Dodecaedro|,63870,[]
62818,|Odín|,0,12113511,2007-10-16T22:26:27Z,242544,|Netito777|,63871,['copy-editing']
62818,|Odín|,0,12113539,2007-10-16T22:27:23Z,242544,|Netito777|,63871,['copy-editing']
62818,|Odín|,0,12113635,2007-10-16T22:31:28Z,242544,|Netito777|,63870,['copy-editing']
62818,|Odín|,0,12113661,2007-10-16T22:32:48Z,242544,|Netito777|,63869,['copy-editing']
62818,|Odín|,0,12113865,2007-10-16T22:40:35Z,242544,|Netito777|,63867,['copy-editing']
62818,|Odín|,0,12113910,2007-10-16T22:42:06Z,242544,|Netito777|,63866,['wikification']
62818,|Odín|,0,12113933,2007-10-16T22:43:00Z,242544,|Netito777|,63865,['copy-editing']
62818,|Odín|,0,12113952,2007-10-16T22:43:38Z,242544,|Netito777|,63864,['copy-editing']
62818,|Odín|,0,12114096,2007-10-16T22:49:40Z,242544,|Netito777|,63864,['copy-editing']
62818,|Odín|,0,12114106,2007-10-16T22:50:16Z,242544,|Netito777|,63863,['copy-editing']
62818,|Odín|,0,12114128,2007-10-16T22:51:14Z,242544,|Netito777|,63860,['copy-editing']
62818,|Odín|,0,12114139,2007-10-16T22:51:44Z,242544,|Netito777|,63859,['copy-editing']
62818,|Odín|,0,12114153,2007-10-16T22:52:14Z,242544,|Netito777|,63858,['copy-editing']
62818,|Odín|,0,12114169,2007-10-16T22:53:05Z,242544,|Netito777|,63856,['copy-editing']
62818,|Odín|,0,12120898,2007-10-17T08:14:05Z,314642,|Matdrodes|,64388,"['elaboration', 'verifiability']"
62818,|Odín|,0,12150873,2007-10-18T14:53:19Z,76855,|Filipo|,64462,[]
62818,|Odín|,0,12151452,2007-10-18T15:14:05Z,76855,|Filipo|,64533,[]
62818,|Odín|,0,12151612,2007-10-18T15:20:17Z,76855,|Filipo|,64560,[]
62818,|Odín|,0,12153730,2007-10-18T16:13:46Z,76855,|Filipo|,64602,[]
62818,|Odín|,0,12157442,2007-10-18T17:37:20Z,358050,|Dodecaedro|,64602,[]
62818,|Odín|,0,12160639,2007-10-18T18:53:07Z,122377,|Rastrojo|,64601,['copy-editing']
62818,|Odín|,0,12170109,2007-10-19T02:06:41Z,413231,|CASF|,64605,[]
62818,|Odín|,0,12171139,2007-10-19T03:38:27Z,314642,|Matdrodes|,64603,['copy-editing']
62818,|Odín|,0,12171204,2007-10-19T03:47:11Z,314642,|Matdrodes|,64601,[]
62818,|Odín|,0,12171267,2007-10-19T03:57:28Z,314642,|Matdrodes|,64601,[]
62818,|Odín|,0,12202262,2007-10-20T16:09:04Z,358050,|Dodecaedro|,64602,['copy-editing']
62818,|Odín|,0,12219236,2007-10-21T10:05:22Z,76855,|Filipo|,64619,[]
62818,|Odín|,0,12219312,2007-10-21T10:09:41Z,76855,|Filipo|,64641,['copy-editing']
62818,|Odín|,0,12219346,2007-10-21T10:12:07Z,76855,|Filipo|,64711,[]
62818,|Odín|,0,12219468,2007-10-21T10:23:39Z,76855,|Filipo|,64760,['wikification']
62818,|Odín|,0,12237753,2007-10-22T00:24:17Z,314642,|Matdrodes|,64758,[]
62818,|Odín|,0,12242426,2007-10-22T07:33:45Z,362026,|BotMultichill|,64778,['wikification']
62818,|Odín|,0,12249322,2007-10-22T15:17:30Z,141749,|Resped|,64780,['copy-editing']
62818,|Odín|,0,12253822,2007-10-22T18:10:08Z,314642,|Matdrodes|,64782,[]
62818,|Odín|,0,12353927,2007-10-26T15:26:24Z,314642,|Matdrodes|,64702,['refactoring']
62818,|Odín|,0,12356637,2007-10-26T17:28:02Z,325197,|Yesydrodriguez|,64724,['wikification']
62818,|Odín|,0,12357153,2007-10-26T17:50:59Z,93098,|Gizmo II|,64702,['wikification']
62818,|Odín|,0,12359570,2007-10-26T19:33:23Z,314642,|Matdrodes|,64966,"['refactoring', 'verifiability']"
62818,|Odín|,0,12359658,2007-10-26T19:36:48Z,314642,|Matdrodes|,64963,['wikification']
62818,|Odín|,0,12386249,2007-10-27T23:11:13Z,314642,|Matdrodes|,64962,[]
62818,|Odín|,0,12387923,2007-10-28T00:37:49Z,342707,|Edmenb|,64960,[]
62818,|Odín|,0,12387938,2007-10-28T00:38:33Z,342707,|Edmenb|,64960,[]
62818,|Odín|,0,12388000,2007-10-28T00:41:44Z,342707,|Edmenb|,64960,[]
62818,|Odín|,0,12388182,2007-10-28T00:51:07Z,342707,|Edmenb|,65108,"['wikification', 'elaboration']"
62818,|Odín|,0,12388220,2007-10-28T00:53:09Z,342707,|Edmenb|,64995,['refactoring']
62818,|Odín|,0,12388473,2007-10-28T01:08:55Z,342707,|Edmenb|,65030,['wikification']
62818,|Odín|,0,12388512,2007-10-28T01:11:30Z,342707,|Edmenb|,65032,"['copy-editing', 'wikification']"
62818,|Odín|,0,12400775,2007-10-28T17:03:35Z,314642,|Matdrodes|,65153,[]
62818,|Odín|,0,12400956,2007-10-28T17:10:58Z,314642,|Matdrodes|,65157,[]
62818,|Odín|,0,12401014,2007-10-28T17:13:57Z,314642,|Matdrodes|,65158,[]
62818,|Odín|,0,12401505,2007-10-28T17:35:02Z,314642,|Matdrodes|,65167,[]
62818,|Odín|,0,12402216,2007-10-28T18:00:34Z,314642,|Matdrodes|,65955,"['wikification', 'verifiability']"
62818,|Odín|,0,12432448,2007-10-29T21:22:52Z,419119,|Dark|,65979,['wikification']
62818,|Odín|,0,12461992,2007-10-31T00:46:20Z,325197,|Yesydrodriguez|,66003,['wikification']
62818,|Odín|,0,12463614,2007-10-31T02:16:01Z,93098,|Gizmo II|,65979,['wikification']
62818,|Odín|,0,12551999,2007-11-03T22:15:34Z,333252,|AlleborgoBot|,65992,['wikification']
62818,|Odín|,0,12652784,2007-11-07T22:48:56Z,285195,|AlnoktaBOT|,66004,['wikification']
62818,|Odín|,0,12793205,2007-11-13T20:00:25Z,333252,|AlleborgoBot|,66028,['wikification']
62818,|Odín|,0,12991031,2007-11-22T02:33:54Z,190.164.126.15,Anonymous,66027,"['fact-update', 'copy-editing']"
62818,|Odín|,0,12991053,2007-11-22T02:34:55Z,190.164.126.15,Anonymous,66028,"['fact-update', 'copy-editing']"
62818,|Odín|,0,13520039,2007-12-12T19:39:24Z,190.138.31.227,Anonymous,66072,['vandalism']
62818,|Odín|,0,13520099,2007-12-12T19:40:42Z,25063,|FAR|,66028,[]
62818,|Odín|,0,13620286,2007-12-16T20:55:57Z,190.28.75.13,Anonymous,66150,"['wikification', 'elaboration']"
62818,|Odín|,0,13620309,2007-12-16T20:56:55Z,190.28.75.13,Anonymous,66154,['wikification']
62818,|Odín|,0,13666540,2007-12-18T21:32:25Z,314642,|Matdrodes|,66028,[]
62818,|Odín|,0,13844634,2007-12-26T12:45:46Z,93153,|CEM-bot|,66029,['copy-editing']
62818,|Odín|,0,13844691,2007-12-26T12:48:01Z,27820,|Boticario|,66028,['copy-editing']
62818,|Odín|,0,14014888,2008-01-02T08:03:59Z,220595,|CommonsDelinker|,66039,['copy-editing']
62818,|Odín|,0,14136506,2008-01-07T05:47:02Z,62.42.82.66,Anonymous,66075,[]
62818,|Odín|,0,14136508,2008-01-07T05:47:15Z,87039,|BOTpolicia|,66039,['counter-vandalism']
62818,|Odín|,0,14136538,2008-01-07T05:50:14Z,62.42.82.66,Anonymous,66098,"['vandalism', 'elaboration']"
62818,|Odín|,0,14136541,2008-01-07T05:50:25Z,87039,|BOTpolicia|,66039,[]
62818,|Odín|,0,14136564,2008-01-07T05:53:24Z,62.42.82.66,Anonymous,66101,"['vandalism', 'elaboration']"
62818,|Odín|,0,14136574,2008-01-07T05:54:52Z,370586,|Mushii|,66039,[]
62818,|Odín|,0,14137337,2008-01-07T07:59:57Z,200.88.114.166,Anonymous,66008,"['wikification', 'simplification']"
62818,|Odín|,0,14137430,2008-01-07T08:14:45Z,200.88.114.166,Anonymous,66018,[]
62818,|Odín|,0,14137880,2008-01-07T09:17:19Z,495654,|Galdrastafir|,66083,['verifiability']
62818,|Odín|,0,14154200,2008-01-07T22:42:32Z,80.35.108.178,Anonymous,66099,['copy-editing']
62818,|Odín|,0,14160502,2008-01-08T03:01:03Z,314642,|Matdrodes|,66034,"['wikification', 'verifiability']"
62818,|Odín|,0,14165534,2008-01-08T11:40:43Z,194.158.78.231,Anonymous,66062,[]
62818,|Odín|,0,14165545,2008-01-08T11:41:25Z,314642,|Matdrodes|,66034,[]
62818,|Odín|,0,14167823,2008-01-08T14:08:44Z,190.64.164.139,Anonymous,66036,['copy-editing']
62818,|Odín|,0,14167843,2008-01-08T14:10:03Z,190.64.164.139,Anonymous,66044,['vandalism']
62818,|Odín|,0,14168169,2008-01-08T14:28:47Z,148.233.220.105,Anonymous,66047,['vandalism']
62818,|Odín|,0,14168196,2008-01-08T14:29:53Z,314642,|Matdrodes|,66044,[]
62818,|Odín|,0,14172984,2008-01-08T17:06:44Z,24.56.168.164,Anonymous,66056,['vandalism']
62818,|Odín|,0,14173001,2008-01-08T17:07:04Z,30411,|Airunp|,66044,['counter-vandalism']
62818,|Odín|,0,14173017,2008-01-08T17:07:21Z,85.48.160.163,Anonymous,66045,[]
62818,|Odín|,0,14174202,2008-01-08T17:36:36Z,57322,|Jesuja|,66044,['copy-editing']
62818,|Odín|,0,14174242,2008-01-08T17:38:50Z,57322,|Jesuja|,66042,[]
62818,|Odín|,0,14174282,2008-01-08T17:40:30Z,57322,|Jesuja|,66043,['copy-editing']
62818,|Odín|,0,14174347,2008-01-08T17:43:07Z,57322,|Jesuja|,66044,[]
62818,|Odín|,0,14193790,2008-01-09T09:28:22Z,80.24.151.153,Anonymous,146676,"['wikification', 'elaboration']"
62818,|Odín|,0,14193800,2008-01-09T09:29:30Z,162631,|RoyFocker|,66044,[]
62818,|Odín|,0,14202251,2008-01-09T17:21:27Z,66.37.63.162,Anonymous,30,['vandalism']
62818,|Odín|,0,14202254,2008-01-09T17:21:38Z,87039,|BOTpolicia|,66044,"['counter-vandalism', 'elaboration']"
62818,|Odín|,0,14305382,2008-01-13T18:36:54Z,593356,|Aperezdejuan|,66100,['verifiability']
62818,|Odín|,0,14305892,2008-01-13T18:59:18Z,314642,|Matdrodes|,66044,['wikification']
62818,|Odín|,0,14336124,2008-01-14T20:23:08Z,314642,|Matdrodes|,66024,['wikification']
62818,|Odín|,0,14353224,2008-01-15T14:40:56Z,91.116.163.102,Anonymous,66168,[]
62818,|Odín|,0,14353235,2008-01-15T14:41:23Z,562689,|Pan con queso|,66024,['counter-vandalism']
62818,|Odín|,0,14354832,2008-01-15T15:36:13Z,220595,|CommonsDelinker|,65883,[]
62818,|Odín|,0,14760602,2008-01-31T13:44:35Z,176399,|Fakatativa~eswiki|,65922,['elaboration']
62818,|Odín|,0,14775050,2008-02-01T00:27:24Z,368054,|SieBot|,65935,['wikification']
62818,|Odín|,0,14877576,2008-02-05T08:57:23Z,13770,|Dodo|,65991,['wikification']
62818,|Odín|,0,14951838,2008-02-08T05:02:01Z,190.225.205.226,Anonymous,66050,[]
62818,|Odín|,0,14951858,2008-02-08T05:03:06Z,242533,|Humberto|,65991,[]
62818,|Odín|,0,15058556,2008-02-12T17:34:42Z,80.24.69.43,Anonymous,66009,['vandalism']
62818,|Odín|,0,15058570,2008-02-12T17:35:10Z,465375,|Mafores|,65991,['counter-vandalism']
62818,|Odín|,0,15058579,2008-02-12T17:35:41Z,80.24.69.43,Anonymous,66006,['vandalism']
62818,|Odín|,0,15058588,2008-02-12T17:36:05Z,80.24.69.43,Anonymous,65992,[]
62818,|Odín|,0,15102485,2008-02-14T13:35:03Z,2906,|JorgeGG|,65991,['copy-editing']
62818,|Odín|,0,15374341,2008-02-25T02:36:20Z,314642,|Matdrodes|,66474,"['refactoring', 'elaboration', 'verifiability']"
62818,|Odín|,0,15374363,2008-02-25T02:37:57Z,314642,|Matdrodes|,66410,[]
62818,|Odín|,0,15374383,2008-02-25T02:39:01Z,314642,|Matdrodes|,66411,[]
62818,|Odín|,0,15786737,2008-03-13T02:58:06Z,590334,|CestBOT|,66406,['copy-editing']
62818,|Odín|,0,16414595,2008-04-06T22:42:16Z,314642,|Matdrodes|,66426,[]
62818,|Odín|,0,16426101,2008-04-07T12:37:18Z,150005,|Xabier|,66325,[]
62818,|Odín|,0,16466921,2008-04-08T21:46:05Z,495654,|Galdrastafir|,66916,"['elaboration', 'verifiability']"
62818,|Odín|,0,16466980,2008-04-08T21:48:21Z,495654,|Galdrastafir|,66915,['copy-editing']
62818,|Odín|,0,16471328,2008-04-09T00:52:31Z,314642,|Matdrodes|,67032,['wikification']
62818,|Odín|,0,16471345,2008-04-09T00:53:45Z,314642,|Matdrodes|,67026,['wikification']
62818,|Odín|,0,16625694,2008-04-15T14:11:42Z,80.24.164.150,Anonymous,67043,['vandalism']
62818,|Odín|,0,16625706,2008-04-15T14:12:10Z,314642,|Matdrodes|,67026,['counter-vandalism']
62818,|Odín|,0,16674973,2008-04-17T15:00:07Z,341614,|Muro Bot|,67561,[]
62818,|Odín|,0,16699788,2008-04-18T14:07:41Z,341614,|Muro Bot|,67561,[]
62818,|Odín|,0,16712118,2008-04-18T22:10:30Z,415133,|Bigsus-bot|,67561,[]
62818,|Odín|,0,16759948,2008-04-20T22:11:02Z,190.21.164.179,Anonymous,67596,['wikification']
62818,|Odín|,0,16760133,2008-04-20T22:19:20Z,488458,|Jarisleif|,67561,['wikification']
62818,|Odín|,0,16975757,2008-04-29T02:25:23Z,420381,|AlfaSimon|,67565,['copy-editing']
62818,|Odín|,0,16975775,2008-04-29T02:26:17Z,420381,|AlfaSimon|,67582,[]
62818,|Odín|,0,17483121,2008-05-18T21:44:59Z,201.224.114.163,Anonymous,67243,['verifiability']
62818,|Odín|,0,17483140,2008-05-18T21:45:34Z,201.224.114.163,Anonymous,67234,['wikification']
62818,|Odín|,0,17483171,2008-05-18T21:47:04Z,314642,|Matdrodes|,67582,"['elaboration', 'verifiability']"
62818,|Odín|,0,17522414,2008-05-20T14:53:05Z,214907,|Muro de Aguas|,67602,[]
62818,|Odín|,0,17542956,2008-05-21T11:56:59Z,220595,|CommonsDelinker|,67473,[]
62818,|Odín|,0,17563580,2008-05-22T07:37:03Z,314642,|Matdrodes|,67547,['wikification']
62818,|Odín|,0,18199264,2008-06-17T11:52:37Z,79.145.117.22,Anonymous,67547,[]
62818,|Odín|,0,18199277,2008-06-17T11:54:21Z,79.145.117.22,Anonymous,67547,[]
62818,|Odín|,0,18199296,2008-06-17T11:55:47Z,79.145.117.22,Anonymous,67547,[]
62818,|Odín|,0,18199309,2008-06-17T11:56:51Z,79.145.117.22,Anonymous,67547,[]
62818,|Odín|,0,18199318,2008-06-17T11:57:30Z,79.145.117.22,Anonymous,67547,[]
62818,|Odín|,0,18312029,2008-06-22T17:39:23Z,419927,|BOTarate|,67561,[]
62818,|Odín|,0,18473077,2008-06-30T04:54:09Z,750340,|Irkant|,67649,['verifiability']
62818,|Odín|,0,18473093,2008-06-30T04:55:36Z,314642,|Matdrodes|,67561,[]
62818,|Odín|,0,19136447,2008-07-31T04:25:10Z,220749,|TXiKiBoT|,67573,['wikification']
62818,|Odín|,0,19225135,2008-08-04T20:43:38Z,288519,|VolkovBot|,67591,['wikification']
62818,|Odín|,0,19258236,2008-08-06T09:22:04Z,314642,|Matdrodes|,67592,['copy-editing']
62818,|Odín|,0,19501516,2008-08-17T01:59:23Z,82.198.48.58,Anonymous,67592,[]
62818,|Odín|,0,20270043,2008-09-18T13:21:23Z,80.58.205.48,Anonymous,67590,['copy-editing']
62818,|Odín|,0,20291065,2008-09-19T10:58:34Z,314642,|Matdrodes|,67582,[]
62818,|Odín|,0,20305828,2008-09-20T01:17:02Z,314642,|Matdrodes|,67584,['copy-editing']
62818,|Odín|,0,20673607,2008-10-06T01:58:31Z,590129,|Al Lemos|,67623,['wikification']
62818,|Odín|,0,20691822,2008-10-06T17:46:22Z,341614,|Muro Bot|,67624,['copy-editing']
62818,|Odín|,0,20732515,2008-10-08T02:57:36Z,693643,|Nordisk varg|,67631,[]
62818,|Odín|,0,20732534,2008-10-08T02:58:19Z,693643,|Nordisk varg|,67634,['copy-editing']
62818,|Odín|,0,20732708,2008-10-08T03:09:07Z,693643,|Nordisk varg|,67674,[]
62818,|Odín|,0,20732765,2008-10-08T03:13:27Z,693643,|Nordisk varg|,67703,['wikification']
62818,|Odín|,0,20732791,2008-10-08T03:14:54Z,693643,|Nordisk varg|,67703,[]
62818,|Odín|,0,20732900,2008-10-08T03:21:08Z,693643,|Nordisk varg|,67713,[]
62818,|Odín|,0,21584394,2008-11-08T09:04:28Z,314642,|Matdrodes|,67715,['copy-editing']
62818,|Odín|,0,21613114,2008-11-09T05:08:10Z,693643,|Nordisk varg|,67714,['copy-editing']
62818,|Odín|,0,22266346,2008-12-05T17:51:42Z,341614,|Muro Bot|,67707,['wikification']
62818,|Odín|,0,22307963,2008-12-07T14:26:40Z,93153,|CEM-bot|,67709,[]
62818,|Odín|,0,22308383,2008-12-07T14:57:53Z,27820,|Boticario|,67708,['copy-editing']
62818,|Odín|,0,22324649,2008-12-08T07:41:52Z,314642,|Matdrodes|,67714,[]
62818,|Odín|,0,22329056,2008-12-08T14:37:25Z,900725,|ArthurBot|,67715,['copy-editing']
62818,|Odín|,0,23089119,2009-01-07T07:58:35Z,314642,|Matdrodes|,67705,[]
62818,|Odín|,0,23318294,2009-01-17T00:20:13Z,220595,|CommonsDelinker|,67598,[]
62818,|Odín|,0,23498062,2009-01-24T17:23:41Z,341614,|Muro Bot|,67613,[]
62818,|Odín|,0,23631821,2009-01-29T00:14:59Z,288519,|VolkovBot|,67628,['wikification']
62818,|Odín|,0,23635883,2009-01-29T04:31:54Z,314642,|Matdrodes|,67574,['copy-editing']
62818,|Odín|,0,23714481,2009-02-01T01:58:30Z,87.221.65.219,Anonymous,64778,['vandalism']
62818,|Odín|,0,23714535,2009-02-01T02:04:05Z,87.221.65.219,Anonymous,62307,['wikification']
62818,|Odín|,0,23714554,2009-02-01T02:05:40Z,242533,|Humberto|,67574,"['wikification', 'elaboration']"
62818,|Odín|,0,23737127,2009-02-01T23:57:01Z,190.8.122.82,Anonymous,67637,['vandalism']
62818,|Odín|,0,23745619,2009-02-02T14:58:17Z,187970,|JAnDbot|,67625,['wikification']
62818,|Odín|,0,23782233,2009-02-03T22:47:52Z,93153,|CEM-bot|,67644,[]
62818,|Odín|,0,24074526,2009-02-13T23:03:24Z,220749,|TXiKiBoT|,67656,['wikification']
62818,|Odín|,0,24289359,2009-02-22T11:34:35Z,378802,|PaintBot|,67636,[]
62818,|Odín|,0,24357089,2009-02-24T16:48:02Z,189.169.64.236,Anonymous,67661,['elaboration']
62818,|Odín|,0,24357101,2009-02-24T16:48:33Z,686595,|MarcoAurelio|,67636,[]
62818,|Odín|,0,24428394,2009-02-27T10:04:22Z,593990,|Darkicebot|,67656,['wikification']
62818,|Odín|,0,24681985,2009-03-09T16:44:56Z,87.218.66.48,Anonymous,67815,"['wikification', 'elaboration']"
62818,|Odín|,0,24682033,2009-03-09T16:47:08Z,87.218.66.48,Anonymous,67879,['vandalism']
62818,|Odín|,0,24700722,2009-03-10T10:44:08Z,314642,|Matdrodes|,67656,[]
62818,|Odín|,0,24723154,2009-03-11T04:16:15Z,934283,|Xqbot|,67668,['wikification']
62818,|Odín|,0,25023546,2009-03-22T23:45:45Z,647039,|Taty2007|,67667,[]
62818,|Odín|,0,25518291,2009-04-12T15:39:07Z,187970,|JAnDbot|,67693,['wikification']
62818,|Odín|,0,25966992,2009-04-30T04:04:49Z,630877,|SilvonenBot|,67705,['wikification']
62818,|Odín|,0,26116693,2009-05-06T06:52:21Z,189.144.239.106,Anonymous,67713,['fact-update']
62818,|Odín|,0,26116695,2009-05-06T06:52:30Z,650220,|AVBOT|,67705,[]
62818,|Odín|,0,26944475,2009-06-04T14:07:32Z,341614,|Muro Bot|,67646,['wikification']
62818,|Odín|,0,26945158,2009-06-04T14:17:45Z,341614,|Muro Bot|,67645,[]
62818,|Odín|,0,27227013,2009-06-14T04:26:50Z,190.226.105.195,Anonymous,67647,[]
62818,|Odín|,0,27239741,2009-06-14T18:58:11Z,261788,|Bedwyr|,67645,[]
62818,|Odín|,0,28008803,2009-07-13T17:20:07Z,189.162.14.97,Anonymous,67657,['wikification']
62818,|Odín|,0,28014614,2009-07-13T19:46:17Z,93098,|Gizmo II|,67645,['wikification']
62818,|Odín|,0,28018710,2009-07-13T21:21:45Z,434339,|OboeCrack|,67644,['wikification']
62818,|Odín|,0,28018730,2009-07-13T21:22:09Z,434339,|OboeCrack|,67643,['wikification']
62818,|Odín|,0,28253753,2009-07-21T17:13:55Z,314642,|Matdrodes|,67647,[]
62818,|Odín|,0,28429942,2009-07-28T02:59:04Z,190.13.26.254,Anonymous,67892,['elaboration']
62818,|Odín|,0,28430074,2009-07-28T03:08:10Z,190.13.26.254,Anonymous,67647,[]
62818,|Odín|,0,28456962,2009-07-29T02:03:39Z,83.55.0.98,Anonymous,68907,['elaboration']
62818,|Odín|,0,28463558,2009-07-29T11:40:08Z,93098,|Gizmo II|,67647,[]
62818,|Odín|,0,28940080,2009-08-17T15:41:47Z,213.201.90.162,Anonymous,67713,"['wikification', 'process']"
62818,|Odín|,0,28940097,2009-08-17T15:42:37Z,314642,|Matdrodes|,67647,[]
62818,|Odín|,0,28996191,2009-08-19T17:02:25Z,949149,|Alezamaj|,67706,['wikification']
62818,|Odín|,0,29049513,2009-08-21T16:30:46Z,989163,|Bot0811|,67644,['copy-editing']
62818,|Odín|,0,29097053,2009-08-23T16:40:24Z,85.58.14.224,Anonymous,67662,['vandalism']
62818,|Odín|,0,29097064,2009-08-23T16:41:11Z,85.58.14.224,Anonymous,67655,"['fact-update', 'vandalism']"
62818,|Odín|,0,29097102,2009-08-23T16:43:00Z,85.58.14.224,Anonymous,68390,['vandalism']
62818,|Odín|,0,29097106,2009-08-23T16:43:08Z,429007,|Mel 23|,67644,[]
62818,|Odín|,0,29470577,2009-09-05T12:58:37Z,630877,|SilvonenBot|,67656,['wikification']
62818,|Odín|,0,30042522,2009-09-25T10:51:46Z,1134552,|TobeBot|,67670,['wikification']
62818,|Odín|,0,30300415,2009-10-04T14:41:26Z,923761,|Almabot|,67682,['wikification']
62818,|Odín|,0,30730909,2009-10-19T19:35:03Z,89.141.80.113,Anonymous,67751,['elaboration']
62818,|Odín|,0,30731119,2009-10-19T19:40:54Z,479691,|Tirithel|,67682,[]
62818,|Odín|,0,32427555,2009-12-23T11:57:08Z,1112121,|TiriBOT|,67683,['copy-editing']
62818,|Odín|,0,32609044,2009-12-31T00:48:11Z,85.251.62.148,Anonymous,67801,"['vandalism', 'elaboration']"
62818,|Odín|,0,32609059,2009-12-31T00:49:25Z,85.251.62.148,Anonymous,67682,[]
62818,|Odín|,0,33131936,2010-01-18T17:08:10Z,88.7.79.173,Anonymous,67701,['vandalism']
62818,|Odín|,0,33131941,2010-01-18T17:08:25Z,650220,|AVBOT|,67682,['counter-vandalism']
62818,|Odín|,0,33753079,2010-02-07T19:38:33Z,93153,|CEM-bot|,67708,['refactoring']
62818,|Odín|,0,34237830,2010-02-21T16:33:49Z,93153,|CEM-bot|,67709,['copy-editing']
62818,|Odín|,0,34962057,2010-03-11T23:16:10Z,163.178.93.11,Anonymous,67708,['copy-editing']
62818,|Odín|,0,35328049,2010-03-20T22:21:50Z,341614,|Muro Bot|,67703,['wikification']
62818,|Odín|,0,36425626,2010-04-24T19:05:08Z,341614,|Muro Bot|,67699,['wikification']
62818,|Odín|,0,36461438,2010-04-26T00:44:20Z,1407189,|Lupo supo|,66508,['refactoring']
62818,|Odín|,0,36461588,2010-04-26T00:52:07Z,704456,|Diegusjaimes|,67699,"['refactoring', 'wikification', 'elaboration']"
62818,|Odín|,0,36597383,2010-04-30T19:48:51Z,90.220.75.94,Anonymous,67643,[]
62818,|Odín|,0,37118588,2010-05-17T01:23:57Z,190.231.96.217,Anonymous,67658,['wikification']
62818,|Odín|,0,37641237,2010-06-02T00:57:17Z,514821,|Antón Francho|,67659,"['refactoring', 'wikification']"
62818,|Odín|,0,39158326,2010-07-30T19:14:47Z,77.224.102.45,Anonymous,64901,['vandalism']
62818,|Odín|,0,39158336,2010-07-30T19:15:20Z,547306,|Eduardosalg|,67659,"['wikification', 'elaboration']"
62818,|Odín|,0,39158521,2010-07-30T19:24:44Z,77.224.102.45,Anonymous,64897,['vandalism']
62818,|Odín|,0,39359886,2010-08-08T21:17:02Z,83.44.34.227,Anonymous,64854,[]
62818,|Odín|,0,39502781,2010-08-15T05:48:39Z,190.64.178.112,Anonymous,64897,[]
62818,|Odín|,0,39502786,2010-08-15T05:49:28Z,190.64.178.112,Anonymous,67659,['elaboration']
62818,|Odín|,0,39964747,2010-09-02T13:40:25Z,147837,|Gilwellian|,67707,['wikification']
62818,|Odín|,0,39967542,2010-09-02T15:55:22Z,261788,|Bedwyr|,67659,['wikification']
62818,|Odín|,0,39974312,2010-09-02T20:29:09Z,190.60.88.38,Anonymous,67666,['vandalism']
62818,|Odín|,0,39974437,2010-09-02T20:32:48Z,190.60.88.38,Anonymous,67668,['vandalism']
62818,|Odín|,0,39974491,2010-09-02T20:34:25Z,936194,|Jkbw|,67659,[]
62818,|Odín|,0,40099089,2010-09-07T20:54:16Z,1396057,|EmausBot|,67677,['wikification']
62818,|Odín|,0,40185078,2010-09-11T11:42:16Z,611613,|Kintaro|,67669,[]
62818,|Odín|,0,40426773,2010-09-21T18:14:16Z,147837,|Gilwellian|,67674,[]
62818,|Odín|,0,40431411,2010-09-21T20:58:07Z,147837,|Gilwellian|,67679,['wikification']
62818,|Odín|,0,40602799,2010-09-28T13:44:58Z,147837,|Gilwellian|,67714,['wikification']
62818,|Odín|,0,40705924,2010-10-02T19:51:14Z,187.132.64.127,Anonymous,67715,['copy-editing']
62818,|Odín|,0,40705955,2010-10-02T19:52:49Z,44023,|Vitamine|,67714,[]
62818,|Odín|,0,40816834,2010-10-07T10:14:16Z,147837,|Gilwellian|,67718,['wikification']
62818,|Odín|,0,40959456,2010-10-13T07:49:32Z,147837,|Gilwellian|,67743,['wikification']
62818,|Odín|,0,40959613,2010-10-13T08:08:52Z,147837,|Gilwellian|,67749,['wikification']
62818,|Odín|,0,40959660,2010-10-13T08:13:37Z,147837,|Gilwellian|,67757,[]
62818,|Odín|,0,41801611,2010-11-15T14:18:10Z,190.54.34.194,Anonymous,67790,['wikification']
62818,|Odín|,0,41903841,2010-11-19T20:41:46Z,88.27.183.198,Anonymous,67785,['vandalism']
62818,|Odín|,0,41903868,2010-11-19T20:42:49Z,88.27.183.198,Anonymous,67766,[]
62818,|Odín|,0,41916178,2010-11-20T12:40:07Z,590129,|Al Lemos|,67795,[]
62818,|Odín|,0,41916182,2010-11-20T12:40:33Z,590129,|Al Lemos|,67790,[]
62818,|Odín|,0,42635420,2010-12-19T23:11:27Z,750039,|Amirobot|,67807,['wikification']
62818,|Odín|,0,43325485,2011-01-17T22:15:19Z,189.229.45.106,Anonymous,66104,['refactoring']
62818,|Odín|,0,43364387,2011-01-19T07:43:22Z,147837,|Gilwellian|,66104,['copy-editing']
62818,|Odín|,0,43364407,2011-01-19T07:45:13Z,147837,|Gilwellian|,66104,['fact-update']
62818,|Odín|,0,43753185,2011-02-02T13:55:58Z,200.14.42.4,Anonymous,66104,['copy-editing']
62818,|Odín|,0,43753195,2011-02-02T13:56:23Z,607942,|Wikiedro|,66104,[]
62818,|Odín|,0,43932916,2011-02-08T23:06:32Z,1708667,|Camrada18|,66118,['wikification']
62818,|Odín|,0,43933123,2011-02-08T23:14:52Z,292327,|Technopat|,66104,[]
62818,|Odín|,0,43962013,2011-02-09T21:15:51Z,1708667,|Camrada18|,66319,"['wikification', 'elaboration']"
62818,|Odín|,0,43962042,2011-02-09T21:17:09Z,1708667,|Camrada18|,66206,[]
62818,|Odín|,0,43962245,2011-02-09T21:25:11Z,147837,|Gilwellian|,66224,['wikification']
62818,|Odín|,0,43962624,2011-02-09T21:39:43Z,1708667,|Camrada18|,66390,['wikification']
62818,|Odín|,0,43962785,2011-02-09T21:45:09Z,1708667,|Camrada18|,66565,[]
62818,|Odín|,0,43965800,2011-02-09T23:32:09Z,1708667,|Camrada18|,66792,['elaboration']
62818,|Odín|,0,43969335,2011-02-10T02:20:40Z,1708667,|Camrada18|,66820,[]
62818,|Odín|,0,45146673,2011-03-27T14:24:10Z,900725,|ArthurBot|,66838,['wikification']
62818,|Odín|,0,45146813,2011-03-27T14:31:05Z,1609636,|WikitanvirBot|,66833,[]
62818,|Odín|,0,45168214,2011-03-28T09:50:24Z,1609636,|WikitanvirBot|,66820,['wikification']
62818,|Odín|,0,45267995,2011-04-01T02:27:27Z,561850,|Leonpolanco|,66847,[]
62818,|Odín|,0,46076416,2011-05-02T17:05:48Z,200.3.222.139,Anonymous,66873,[]
62818,|Odín|,0,46155560,2011-05-05T17:23:04Z,136933,|Dorieo|,66877,['wikification']
62818,|Odín|,0,46305221,2011-05-11T16:02:56Z,190.135.195.201,Anonymous,66849,[]
62818,|Odín|,0,46307703,2011-05-11T18:03:12Z,93098,|Gizmo II|,66877,[]
62818,|Odín|,0,47501020,2011-06-27T13:33:18Z,1761243,|MerlIwBot|,66895,['wikification']
62818,|Odín|,0,47757105,2011-07-07T06:09:35Z,147837,|Gilwellian|,66899,['wikification']
62818,|Odín|,0,48084225,2011-07-19T17:24:29Z,80.59.112.86,Anonymous,66891,['copy-editing']
62818,|Odín|,0,48115293,2011-07-20T17:40:56Z,190.64.85.254,Anonymous,66899,['copy-editing']
62818,|Odín|,0,48667647,2011-08-07T00:46:58Z,1396057,|EmausBot|,66897,[]
62818,|Odín|,0,49042325,2011-08-18T17:48:52Z,1708667,|Camrada18|,66912,['wikification']
62818,|Odín|,0,50286425,2011-10-05T09:59:17Z,147837,|Gilwellian|,66916,['wikification']
62818,|Odín|,0,50296777,2011-10-05T19:28:22Z,95.62.235.63,Anonymous,66929,['wikification']
62818,|Odín|,0,50610390,2011-10-18T07:57:18Z,147837,|Gilwellian|,66962,[]
62818,|Odín|,0,50641973,2011-10-19T14:37:26Z,744879,|Luckas-bot|,66979,['wikification']
62818,|Odín|,0,50761125,2011-10-23T22:12:07Z,1987969,|Federico1984|,66997,[]
62818,|Odín|,0,52823142,2012-01-08T16:10:54Z,1844810,|Jaluj|,66998,['copy-editing']
62818,|Odín|,0,52854724,2012-01-09T21:41:22Z,2073874,|Draug|,67009,['wikification']
62818,|Odín|,0,53127429,2012-01-19T17:26:12Z,1948645,|John plaut|,67025,[]
62818,|Odín|,0,53127488,2012-01-19T17:28:12Z,1948645,|John plaut|,67045,['wikification']
62818,|Odín|,0,53199740,2012-01-22T18:05:52Z,24.157.144.153,Anonymous,67046,['copy-editing']
62818,|Odín|,0,53200024,2012-01-22T18:19:24Z,261788,|Bedwyr|,67045,['copy-editing']
62818,|Odín|,0,53332421,2012-01-27T16:46:39Z,81.44.66.50,Anonymous,67074,['vandalism']
62818,|Odín|,0,53332438,2012-01-27T16:47:03Z,1383818,|Edslov|,67045,['counter-vandalism']
62818,|Odín|,0,54032588,2012-02-22T09:11:55Z,147837,|Gilwellian|,67053,['wikification']
62818,|Odín|,0,54422194,2012-03-08T12:39:38Z,187970,|JAnDbot|,67055,[]
62818,|Odín|,0,54913140,2012-03-27T21:41:19Z,190.95.106.248,Anonymous,66336,[]
62818,|Odín|,0,54913149,2012-03-27T21:41:37Z,936194,|Jkbw|,67055,"['wikification', 'elaboration']"
62818,|Odín|,0,55856151,2012-05-02T21:41:05Z,200.118.170.55,Anonymous,67112,['elaboration']
62818,|Odín|,0,55856158,2012-05-02T21:41:30Z,635989,|UA31|,67055,[]
62818,|Odín|,0,55907836,2012-05-04T20:09:59Z,1230046,|Ceroi|,67156,['elaboration']
62818,|Odín|,0,55910148,2012-05-04T21:38:04Z,147837,|Gilwellian|,67163,['fact-update']
62818,|Odín|,0,56484782,2012-05-26T01:41:03Z,190.192.117.198,Anonymous,67164,['wikification']
62818,|Odín|,0,56484792,2012-05-26T01:41:50Z,190.192.117.198,Anonymous,67162,['copy-editing']
62818,|Odín|,0,56660170,2012-06-01T13:17:57Z,1431011,|Allforrous|,67210,['wikification']
62818,|Odín|,0,56724165,2012-06-03T22:55:34Z,186.46.217.47,Anonymous,67213,['copy-editing']
62818,|Odín|,0,56724172,2012-06-03T22:55:49Z,936194,|Jkbw|,67210,[]
62818,|Odín|,0,57428221,2012-06-29T23:10:17Z,181.160.193.83,Anonymous,67210,[]
62818,|Odín|,0,57435646,2012-06-30T09:25:44Z,147837,|Gilwellian|,67210,[]
62818,|Odín|,0,57652046,2012-07-08T12:36:06Z,200.126.223.126,Anonymous,67216,[]
62818,|Odín|,0,58312359,2012-07-28T00:50:17Z,1200828,|Wikielwikingo|,67235,['wikification']
62818,|Odín|,0,58536897,2012-08-05T14:33:27Z,200.126.223.126,Anonymous,67293,['wikification']
62818,|Odín|,0,58827991,2012-08-15T03:02:36Z,190.192.221.223,Anonymous,67289,"['copy-editing', 'vandalism']"
62818,|Odín|,0,58831386,2012-08-15T08:45:14Z,136933,|Dorieo|,67293,['copy-editing']
62818,|Odín|,0,59166156,2012-08-27T21:42:23Z,186.35.94.248,Anonymous,67382,[]
62818,|Odín|,0,59166848,2012-08-27T22:06:28Z,261788,|Bedwyr|,67293,[]
62818,|Odín|,0,60062355,2012-09-28T11:18:33Z,1126188,|Jakeukalane|,67301,['wikification']
62818,|Odín|,0,61468001,2012-11-18T17:48:52Z,83.40.144.199,Anonymous,67324,['vandalism']
62818,|Odín|,0,61470690,2012-11-18T19:41:31Z,261788,|Bedwyr|,67301,['wikification']
62818,|Odín|,0,61825633,2012-11-30T00:51:50Z,201.188.65.42,Anonymous,67325,['elaboration']
62818,|Odín|,0,61825653,2012-11-30T00:52:32Z,121501,|Davius|,67301,[]
62818,|Odín|,0,62577400,2012-12-30T16:37:28Z,83.45.11.164,Anonymous,67290,['wikification']
62818,|Odín|,0,62577419,2012-12-30T16:38:38Z,83.45.11.164,Anonymous,67298,['wikification']
62818,|Odín|,0,64330169,2013-03-05T10:01:13Z,80.58.250.91,Anonymous,67345,[]
62818,|Odín|,0,64330176,2013-03-05T10:01:46Z,80.58.250.91,Anonymous,67335,"['wikification', 'vandalism']"
62818,|Odín|,0,64330200,2013-03-05T10:03:07Z,80.58.250.91,Anonymous,67345,[]
62818,|Odín|,0,64330213,2013-03-05T10:03:55Z,1148891,|Halfdrag|,67298,['wikification']
62818,|Odín|,0,64345640,2013-03-05T22:32:30Z,81.34.91.190,Anonymous,67350,[]
62818,|Odín|,0,64345659,2013-03-05T22:32:57Z,936194,|Jkbw|,67298,[]
62818,|Odín|,0,64387865,2013-03-07T16:59:09Z,2.137.244.81,Anonymous,67294,['vandalism']
62818,|Odín|,0,64388017,2013-03-07T17:06:24Z,136933,|Dorieo|,67298,['copy-editing']
62818,|Odín|,0,64545078,2013-03-09T03:57:33Z,2545358,|Addbot|,66310,[]
62818,|Odín|,0,66068654,2013-04-08T04:01:10Z,186.27.172.198,Anonymous,66344,"['vandalism', 'elaboration']"
62818,|Odín|,0,66069402,2013-04-08T04:34:56Z,136933,|Dorieo|,66310,['counter-vandalism']
62818,|Odín|,0,66141005,2013-04-10T17:52:31Z,2.137.2.246,Anonymous,66302,['vandalism']
62818,|Odín|,0,66141068,2013-04-10T17:54:20Z,2.137.2.246,Anonymous,57552,[]
62818,|Odín|,0,66141090,2013-04-10T17:54:51Z,358050,|Dodecaedro|,66310,"['wikification', 'elaboration']"
62818,|Odín|,0,67525288,2013-06-07T18:11:57Z,177.84.160.213,Anonymous,66334,[]
62818,|Odín|,0,67525317,2013-06-07T18:13:20Z,177.84.160.213,Anonymous,66319,['wikification']
62818,|Odín|,0,67526067,2013-06-07T18:55:22Z,26398,|Napoleón333|,66310,['wikification']
62818,|Odín|,0,67778684,2013-06-18T17:34:57Z,181.26.0.163,Anonymous,66311,['copy-editing']
62818,|Odín|,0,67779636,2013-06-18T18:14:34Z,261788,|Bedwyr|,66310,[]
62818,|Odín|,0,69114027,2013-08-20T01:12:50Z,186.19.21.65,Anonymous,66313,[]
62818,|Odín|,0,69855175,2013-09-26T06:58:24Z,220595,|CommonsDelinker|,66158,[]
62818,|Odín|,0,70405653,2013-10-25T08:35:34Z,2843904,|Oxiledeon|,66292,"['wikification', 'elaboration']"
62818,|Odín|,0,70408798,2013-10-25T14:16:08Z,147837,|Gilwellian|,66158,[]
62818,|Odín|,0,70526029,2013-10-31T11:14:24Z,2355157,|Rotlink|,66295,['verifiability']
62818,|Odín|,0,70771049,2013-11-13T04:22:29Z,2355157,|Rotlink|,66353,['verifiability']
62818,|Odín|,0,71430314,2013-12-17T01:13:33Z,189.138.103.136,Anonymous,66991,['elaboration']
62818,|Odín|,0,71430352,2013-12-17T01:16:09Z,292327,|Technopat|,66353,[]
62818,|Odín|,0,71439020,2013-12-17T16:31:16Z,2317000,|SakalojZorakj|,67089,"['elaboration', 'verifiability']"
62818,|Odín|,0,71439076,2013-12-17T16:33:53Z,292327,|Technopat|,67094,['wikification']
62818,|Odín|,0,71439102,2013-12-17T16:36:16Z,292327,|Technopat|,67134,[]
62818,|Odín|,0,71439207,2013-12-17T16:41:11Z,292327,|Technopat|,66971,['wikification']
62818,|Odín|,0,71439231,2013-12-17T16:42:11Z,292327,|Technopat|,66971,['copy-editing']
62818,|Odín|,0,71452874,2013-12-18T12:49:47Z,2587068,|Jaumejr|,67094,"['elaboration', 'verifiability']"
62818,|Odín|,0,71452891,2013-12-18T12:51:50Z,2587068,|Jaumejr|,67112,['wikification']
62818,|Odín|,0,71733638,2014-01-05T12:08:28Z,189.155.163.11,Anonymous,67108,[]
62818,|Odín|,0,71910487,2014-01-15T01:00:39Z,2857770,|JacobRodrigues|,67106,[]
62818,|Odín|,0,72100838,2014-01-24T15:52:09Z,2355157,|Rotlink|,67235,['verifiability']
62818,|Odín|,0,72125199,2014-01-25T21:12:54Z,200.86.8.108,Anonymous,67231,[]
62818,|Odín|,0,72125311,2014-01-25T21:19:14Z,1345054,|Expósito|,67235,['copy-editing']
62818,|Odín|,0,72244412,2014-01-31T08:59:47Z,83.97.128.75,Anonymous,67268,[]
62818,|Odín|,0,72244441,2014-01-31T09:02:36Z,292327,|Technopat|,67235,[]
62818,|Odín|,0,72464059,2014-02-10T22:19:42Z,200.118.136.168,Anonymous,67279,[]
62818,|Odín|,0,72464082,2014-02-10T22:20:40Z,1407263,|AVIADOR|,67235,[]
62818,|Odín|,0,72865054,2014-02-27T16:07:41Z,80.28.205.112,Anonymous,67223,[]
62818,|Odín|,0,72870581,2014-02-27T20:02:46Z,261788,|Bedwyr|,67235,['wikification']
62818,|Odín|,0,73098975,2014-03-10T22:13:31Z,190.52.50.65,Anonymous,67333,"['vandalism', 'elaboration']"
62818,|Odín|,0,73098987,2014-03-10T22:14:05Z,2575966,|Balles2601|,67235,[]
62818,|Odín|,0,73099118,2014-03-10T22:19:33Z,190.52.50.65,Anonymous,67253,[]
62818,|Odín|,0,73099137,2014-03-10T22:20:36Z,936194,|Jkbw|,67235,['counter-vandalism']
62818,|Odín|,0,73099183,2014-03-10T22:22:39Z,190.52.50.65,Anonymous,22816,['vandalism']
62818,|Odín|,0,73099189,2014-03-10T22:22:51Z,936194,|Jkbw|,67235,"['wikification', 'elaboration']"
62818,|Odín|,0,73492227,2014-03-30T11:38:56Z,89.131.168.4,Anonymous,67236,[]
62818,|Odín|,0,73492536,2014-03-30T12:24:32Z,147837,|Gilwellian|,67235,['copy-editing']
62818,|Odín|,0,74975763,2014-06-11T13:24:48Z,1148891,|Halfdrag|,67111,[]
62818,|Odín|,0,74987356,2014-06-12T00:12:40Z,186.88.90.105,Anonymous,67111,['copy-editing']
62818,|Odín|,0,74987372,2014-06-12T00:13:20Z,936194,|Jkbw|,67111,['copy-editing']
62818,|Odín|,0,75325794,2014-06-30T20:15:51Z,181.64.214.2,Anonymous,67091,"['fact-update', 'vandalism']"
62818,|Odín|,0,75325807,2014-06-30T20:16:17Z,547306,|Eduardosalg|,67111,[]
62818,|Odín|,0,75916115,2014-07-30T22:16:20Z,186.85.159.81,Anonymous,67123,[]
62818,|Odín|,0,75916125,2014-07-30T22:16:49Z,635989,|UA31|,67111,[]
62818,|Odín|,0,75916142,2014-07-30T22:17:46Z,186.85.159.81,Anonymous,67117,[]
62818,|Odín|,0,75916145,2014-07-30T22:18:04Z,612673,|Osado|,67111,['counter-vandalism']
62818,|Odín|,0,76180120,2014-08-07T21:56:07Z,3198841,|Manuel1231994|,67127,['wikification']
62818,|Odín|,0,76191599,2014-08-08T07:21:14Z,147837,|Gilwellian|,67125,['wikification']
62818,|Odín|,0,76303204,2014-08-12T02:24:01Z,3208943,|Meleesara|,67386,['elaboration']
62818,|Odín|,0,76306191,2014-08-12T08:24:23Z,1310500,|Ontzak|,67125,[]
62818,|Odín|,0,77425452,2014-10-08T13:58:24Z,83.39.159.246,Anonymous,67138,['vandalism']
62818,|Odín|,0,77425570,2014-10-08T14:08:22Z,147837,|Gilwellian|,67125,['counter-vandalism']
62818,|Odín|,0,77572528,2014-10-16T05:29:29Z,189.129.46.76,Anonymous,67123,['wikification']
62818,|Odín|,0,77575138,2014-10-16T09:51:10Z,292327,|Technopat|,67134,['wikification']
62818,|Odín|,0,79107213,2014-12-30T15:43:47Z,1904196,|MetroBot|,67116,['wikification']
62818,|Odín|,0,79140017,2014-12-31T22:20:54Z,3114926,|Jarould|,67165,[]
62818,|Odín|,0,79234201,2015-01-05T22:21:39Z,201.159.19.155,Anonymous,67164,[]
62818,|Odín|,0,79234204,2015-01-05T22:21:50Z,936194,|Jkbw|,67165,[]
62818,|Odín|,0,79288518,2015-01-08T19:34:40Z,186.43.235.97,Anonymous,67240,['vandalism']
62818,|Odín|,0,79288521,2015-01-08T19:34:56Z,936194,|Jkbw|,67165,[]
62818,|Odín|,0,81988648,2015-04-23T17:42:07Z,3309897,|BenjaBot|,67672,['verifiability']
62818,|Odín|,0,83655744,2015-07-08T06:00:46Z,189.186.34.250,Anonymous,67414,[]
62818,|Odín|,0,83655797,2015-07-08T06:06:49Z,3114926,|Jarould|,67672,"['wikification', 'elaboration']"
62818,|Odín|,0,83655822,2015-07-08T06:10:59Z,3842598,|Fierromiparientononon|,68008,['elaboration']
62818,|Odín|,0,83655829,2015-07-08T06:11:55Z,190.62.189.106,Anonymous,67672,[]
62818,|Odín|,0,83655860,2015-07-08T06:18:04Z,3842598,|Fierromiparientononon|,68005,['elaboration']
62818,|Odín|,0,83655863,2015-07-08T06:18:40Z,190.62.189.106,Anonymous,67672,[]
62818,|Odín|,0,83829765,2015-07-16T21:57:03Z,186.94.172.162,Anonymous,67608,[]
62818,|Odín|,0,83829778,2015-07-16T21:57:25Z,2575966,|Balles2601|,67672,['elaboration']
62818,|Odín|,0,84458776,2015-08-16T15:51:36Z,77.225.140.86,Anonymous,67751,['elaboration']
62818,|Odín|,0,84458797,2015-08-16T15:53:16Z,3114926,|Jarould|,67672,[]
62818,|Odín|,0,84669544,2015-08-25T22:48:55Z,186.105.233.84,Anonymous,67671,['copy-editing']
62818,|Odín|,0,84669790,2015-08-25T22:57:44Z,186.105.233.84,Anonymous,67658,['wikification']
62818,|Odín|,0,84670466,2015-08-25T23:27:21Z,28546,|Soulreaper|,67672,[]
62818,|Odín|,0,84739413,2015-08-28T23:38:07Z,190.178.207.106,Anonymous,67675,[]
62818,|Odín|,0,84739471,2015-08-28T23:41:18Z,147837,|Gilwellian|,67672,['copy-editing']
62818,|Odín|,0,84743430,2015-08-29T04:26:01Z,181.26.197.236,Anonymous,67674,['copy-editing']
62818,|Odín|,0,84743438,2015-08-29T04:26:35Z,181.26.197.236,Anonymous,67675,['copy-editing']
62818,|Odín|,0,84745389,2015-08-29T08:56:57Z,147837,|Gilwellian|,67674,['copy-editing']
62818,|Odín|,0,84745391,2015-08-29T08:57:21Z,147837,|Gilwellian|,67672,[]
62818,|Odín|,0,84905647,2015-09-05T01:05:49Z,85.48.8.216,Anonymous,67658,['copy-editing']
62818,|Odín|,0,84905840,2015-09-05T01:20:09Z,85.48.8.216,Anonymous,68191,"['wikification', 'elaboration']"
62818,|Odín|,0,84905937,2015-09-05T01:28:09Z,85.48.8.216,Anonymous,68248,['copy-editing']
62818,|Odín|,0,84907736,2015-09-05T04:12:18Z,147837,|Gilwellian|,68285,['wikification']
62818,|Odín|,0,85417925,2015-09-28T14:26:05Z,2317000,|SakalojZorakj|,68670,"['wikification', 'elaboration']"
62818,|Odín|,0,85422912,2015-09-28T18:28:06Z,147837,|Gilwellian|,68285,[]
62818,|Odín|,0,85455001,2015-09-29T19:55:45Z,147837,|Gilwellian|,68300,['wikification']
62818,|Odín|,0,85470694,2015-09-30T03:18:19Z,148.246.172.164,Anonymous,68314,[]
62818,|Odín|,0,85479015,2015-09-30T11:11:32Z,1345054,|Expósito|,68300,[]
62818,|Odín|,0,87368713,2015-11-29T00:16:41Z,2119555,|Elvisor|,71376,['verifiability']
62818,|Odín|,0,88415664,2016-01-13T11:44:59Z,80.24.156.188,Anonymous,71382,['vandalism']
62818,|Odín|,0,88415910,2016-01-13T12:06:26Z,28943,|Petronas|,71376,['copy-editing']
62818,|Odín|,0,88654674,2016-01-23T22:29:40Z,181.90.110.1,Anonymous,71391,['wikification']
62818,|Odín|,0,88656256,2016-01-23T23:53:13Z,147837,|Gilwellian|,71376,['wikification']
62818,|Odín|,0,88980970,2016-02-07T04:12:12Z,190.70.26.150,Anonymous,71376,['copy-editing']
62818,|Odín|,0,88981062,2016-02-07T04:17:15Z,1964358,|DARIO SEVERI|,71376,['copy-editing']
62818,|Odín|,0,89335986,2016-02-22T20:26:50Z,176.84.223.204,Anonymous,71380,['copy-editing']
62818,|Odín|,0,89336329,2016-02-22T20:43:25Z,176.84.223.204,Anonymous,71382,"['refactoring', 'copy-editing']"
62818,|Odín|,0,89341195,2016-02-23T00:10:32Z,176.84.223.204,Anonymous,71385,[]
62818,|Odín|,0,89342360,2016-02-23T01:01:47Z,176.84.223.204,Anonymous,71384,[]
62818,|Odín|,0,89361232,2016-02-23T19:47:40Z,176.84.223.204,Anonymous,71385,['fact-update']
62818,|Odín|,0,89361522,2016-02-23T19:59:21Z,176.84.223.204,Anonymous,71390,[]
62818,|Odín|,0,89361907,2016-02-23T20:14:39Z,176.84.223.204,Anonymous,71395,['copy-editing']
62818,|Odín|,0,89362006,2016-02-23T20:18:45Z,176.84.223.204,Anonymous,71396,[]
62818,|Odín|,0,89362226,2016-02-23T20:28:21Z,176.84.223.204,Anonymous,71392,[]
62818,|Odín|,0,89815690,2016-03-14T17:21:11Z,190.198.251.170,Anonymous,71417,[]
62818,|Odín|,0,89815697,2016-03-14T17:21:49Z,2474979,|Lautaro 97|,71392,['counter-vandalism']
62818,|Odín|,0,90271316,2016-04-05T13:45:23Z,280849,|Fremen|,71424,['wikification']
62818,|Odín|,0,90365028,2016-04-10T00:08:23Z,181.208.89.187,Anonymous,71450,[]
62818,|Odín|,0,90365031,2016-04-10T00:08:29Z,3114926,|Jarould|,71424,['counter-vandalism']
62818,|Odín|,0,91035164,2016-05-13T13:06:50Z,200.94.75.157,Anonymous,71443,['wikification']
62818,|Odín|,0,91213487,2016-05-22T03:01:51Z,181.23.129.42,Anonymous,71482,[]
62818,|Odín|,0,91213872,2016-05-22T03:33:00Z,936194,|Jkbw|,71443,[]
62818,|Odín|,0,91254165,2016-05-24T02:29:57Z,189.165.248.114,Anonymous,71457,[]
62818,|Odín|,0,91254476,2016-05-24T02:51:32Z,134982,|Mr. Moonlight|,71443,[]
62818,|Odín|,0,91584676,2016-06-09T06:16:29Z,213.143.48.26,Anonymous,71449,"['copy-editing', 'vandalism']"
62818,|Odín|,0,91587558,2016-06-09T12:01:34Z,292327,|Technopat|,71443,['copy-editing']
62818,|Odín|,0,92611258,2016-07-31T04:22:19Z,4304529,|JORVLC2|,71519,[]
62818,|Odín|,0,92613052,2016-07-31T08:19:38Z,147837,|Gilwellian|,71443,[]
62818,|Odín|,0,92930083,2016-08-13T22:57:42Z,5.145.171.41,Anonymous,71444,[]
62818,|Odín|,0,93804873,2016-09-21T05:56:15Z,1477357,|Fidulario|,71410,['wikification']
62818,|Odín|,0,93946576,2016-09-27T20:07:17Z,138.186.120.147,Anonymous,71088,['vandalism']
62818,|Odín|,0,93946586,2016-09-27T20:07:51Z,1236142,|PatruBOT|,71410,"['elaboration', 'verifiability']"
62818,|Odín|,0,94064811,2016-10-03T15:59:03Z,1477357,|Fidulario|,72169,"['wikification', 'elaboration', 'verifiability']"
62818,|Odín|,0,94064846,2016-10-03T16:01:02Z,1477357,|Fidulario|,71410,[]
62818,|Odín|,0,94441620,2016-10-20T22:12:17Z,4394027,|Yosoyunapersona|,71450,[]
62818,|Odín|,0,94441623,2016-10-20T22:12:23Z,1236142,|PatruBOT|,71410,[]
62818,|Odín|,0,94599055,2016-10-27T15:47:50Z,91.117.239.94,Anonymous,71413,['wikification']
62818,|Odín|,0,94599076,2016-10-27T15:48:59Z,91.117.239.94,Anonymous,71434,[]
62818,|Odín|,0,96227987,2017-01-15T07:33:52Z,190.211.8.181,Anonymous,71560,[]
62818,|Odín|,0,96227992,2017-01-15T07:34:58Z,1236142,|PatruBOT|,71434,[]
62818,|Odín|,0,96228026,2017-01-15T07:43:39Z,190.211.8.181,Anonymous,71520,"['vandalism', 'elaboration']"
62818,|Odín|,0,96228028,2017-01-15T07:44:01Z,1236142,|PatruBOT|,71434,[]
62818,|Odín|,0,96726820,2017-02-06T21:19:02Z,181.92.76.137,Anonymous,71449,['wikification']
62818,|Odín|,0,96726828,2017-02-06T21:19:32Z,1236142,|PatruBOT|,71434,['wikification']
62818,|Odín|,0,96834770,2017-02-11T05:41:27Z,181.63.159.47,Anonymous,71465,[]
62818,|Odín|,0,96878638,2017-02-13T10:11:23Z,147837,|Gilwellian|,71434,[]
62818,|Odín|,0,96878655,2017-02-13T10:13:08Z,147837,|Gilwellian|,71436,['copy-editing']
62818,|Odín|,0,96940553,2017-02-16T00:37:34Z,2220939,|PadmaPhala|,71449,['wikification']
62818,|Odín|,0,96947119,2017-02-16T10:14:28Z,147837,|Gilwellian|,71450,"['refactoring', 'wikification']"
62818,|Odín|,0,97289262,2017-03-03T09:34:33Z,195.53.158.27,Anonymous,71494,[]
62818,|Odín|,0,97289332,2017-03-03T09:39:42Z,292327,|Technopat|,71450,[]
62818,|Odín|,0,98801190,2017-05-01T18:06:24Z,137.101.30.47,Anonymous,71462,['vandalism']
62818,|Odín|,0,98801199,2017-05-01T18:06:44Z,1236142,|PatruBOT|,71450,['counter-vandalism']
62818,|Odín|,0,99806277,2017-06-12T21:29:25Z,4509798,|Humberto Sanchez|,71446,['wikification']
62818,|Odín|,0,99806371,2017-06-12T21:33:19Z,936194,|Jkbw|,71450,['wikification']
62818,|Odín|,0,100034889,2017-06-23T13:27:56Z,152.167.214.6,Anonymous,71452,['vandalism']
62818,|Odín|,0,100041696,2017-06-23T18:33:06Z,147837,|Gilwellian|,71450,[]
62818,|Odín|,0,100176193,2017-06-30T08:11:59Z,3923668,|Fjrc282a|,71224,[]
62818,|Odín|,0,100176200,2017-06-30T08:12:34Z,3923668,|Fjrc282a|,71300,[]
62818,|Odín|,0,100176203,2017-06-30T08:12:56Z,3923668,|Fjrc282a|,71295,['wikification']
62818,|Odín|,0,100176212,2017-06-30T08:13:48Z,3923668,|Fjrc282a|,71450,['elaboration']
62818,|Odín|,0,100184421,2017-06-30T18:53:32Z,147837,|Gilwellian|,71468,['refactoring']
62818,|Odín|,0,100315169,2017-07-07T06:18:09Z,189.196.118.104,Anonymous,71469,[]
62818,|Odín|,0,100358602,2017-07-09T09:23:00Z,147837,|Gilwellian|,71468,[]
62818,|Odín|,0,100473459,2017-07-14T19:00:50Z,148.3.101.160,Anonymous,71489,[]
62818,|Odín|,0,100473463,2017-07-14T19:01:00Z,1236142,|PatruBOT|,71468,[]
62818,|Odín|,0,100907102,2017-08-03T23:05:08Z,81.36.238.188,Anonymous,71565,['wikification']
62818,|Odín|,0,100907108,2017-08-03T23:05:31Z,81.36.238.188,Anonymous,71561,['wikification']
62818,|Odín|,0,100991489,2017-08-07T19:13:50Z,139.47.31.255,Anonymous,71572,['wikification']
62818,|Odín|,0,100991497,2017-08-07T19:14:21Z,1236142,|PatruBOT|,71561,"['copy-editing', 'wikification']"
62818,|Odín|,0,100991519,2017-08-07T19:15:32Z,2300547,|Elialbert94|,71572,['wikification']
62818,|Odín|,0,101390642,2017-08-25T14:38:22Z,200.29.165.239,Anonymous,71560,['vandalism']
62818,|Odín|,0,101390739,2017-08-25T14:40:52Z,200.29.165.239,Anonymous,71645,['verifiability']
62818,|Odín|,0,101390783,2017-08-25T14:42:39Z,200.29.165.239,Anonymous,71676,['vandalism']
62818,|Odín|,0,101390821,2017-08-25T14:44:03Z,200.29.165.239,Anonymous,71727,[]
62818,|Odín|,0,101884280,2017-09-14T15:02:40Z,85.251.108.66,Anonymous,71727,['vandalism']
62818,|Odín|,0,102167017,2017-09-26T20:21:51Z,2800:A4:1023:5500:89D4:2992:5527:CB64,Anonymous,71741,[]
62818,|Odín|,0,102167024,2017-09-26T20:22:03Z,1236142,|PatruBOT|,71727,[]
62818,|Odín|,0,102250016,2017-09-30T12:50:21Z,181.165.131.104,Anonymous,71738,[]
62818,|Odín|,0,102258853,2017-09-30T20:52:40Z,147837,|Gilwellian|,71727,[]
62818,|Odín|,0,102292309,2017-10-02T10:38:36Z,54529,|Patrickpedia|,71634,[]
62818,|Odín|,0,102292367,2017-10-02T10:43:37Z,54529,|Patrickpedia|,71567,['wikification']
62818,|Odín|,0,102292432,2017-10-02T10:48:11Z,54529,|Patrickpedia|,71588,[]
62818,|Odín|,0,102293536,2017-10-02T11:59:00Z,54529,|Patrickpedia|,74084,"['wikification', 'elaboration']"
62818,|Odín|,0,102296041,2017-10-02T14:25:12Z,54529,|Patrickpedia|,74085,[]
62818,|Odín|,0,102388414,2017-10-06T11:14:29Z,188.171.236.62,Anonymous,74115,['vandalism']
62818,|Odín|,0,102388423,2017-10-06T11:15:17Z,1236142,|PatruBOT|,74085,['counter-vandalism']
62818,|Odín|,0,102968436,2017-10-30T01:07:23Z,37.15.240.160,Anonymous,74086,['copy-editing']
62818,|Odín|,0,103475855,2017-11-16T23:38:48Z,186.22.65.161,Anonymous,74091,['vandalism']
62818,|Odín|,0,103475865,2017-11-16T23:39:06Z,1236142,|PatruBOT|,74086,['counter-vandalism']
62818,|Odín|,0,103573221,2017-11-20T21:20:30Z,4704851,|InternetArchiveBot|,74601,['wikification']
62818,|Odín|,0,103679085,2017-11-24T22:13:20Z,185.13.202.163,Anonymous,74587,['copy-editing']
62818,|Odín|,0,103679093,2017-11-24T22:13:54Z,1236142,|PatruBOT|,74601,[]
62818,|Odín|,0,103679141,2017-11-24T22:15:35Z,185.13.202.163,Anonymous,74580,['copy-editing']
62818,|Odín|,0,103679150,2017-11-24T22:16:00Z,1236142,|PatruBOT|,74601,['copy-editing']
62818,|Odín|,0,104397686,2017-12-22T22:13:59Z,181.49.75.141,Anonymous,74601,['copy-editing']
62818,|Odín|,0,106285136,2018-03-16T23:41:32Z,90.174.0.121,Anonymous,74602,['copy-editing']
62818,|Odín|,0,106927432,2018-04-10T06:01:44Z,977794,|FrescoBot|,74436,[]
62818,|Odín|,0,107178997,2018-04-21T08:58:03Z,4704851,|InternetArchiveBot|,75095,['verifiability']
62818,|Odín|,0,107224956,2018-04-23T10:07:13Z,213.0.87.177,Anonymous,75101,['vandalism']
62818,|Odín|,0,107224957,2018-04-23T10:07:22Z,42845,|BOT-Superzerocool|,75095,['counter-vandalism']
62818,|Odín|,0,107224968,2018-04-23T10:08:22Z,213.0.87.169,Anonymous,75164,['wikification']
62818,|Odín|,0,107224973,2018-04-23T10:08:37Z,42845,|BOT-Superzerocool|,75095,[]
62818,|Odín|,0,107320893,2018-04-27T01:16:49Z,84.121.159.66,Anonymous,75097,[]
62818,|Odín|,0,107320896,2018-04-27T01:17:01Z,42845,|BOT-Superzerocool|,75095,['copy-editing']
62818,|Odín|,0,107562623,2018-05-05T01:02:50Z,4998998,|Wn es mi nombre dejame usar lo que quiera chancho culiao|,75101,[]
62818,|Odín|,0,107562629,2018-05-05T01:03:07Z,42845,|BOT-Superzerocool|,75095,[]
62818,|Odín|,0,109620111,2018-07-30T02:43:06Z,4704851,|InternetArchiveBot|,75189,"['fact-update', 'verifiability']"
62818,|Odín|,0,110144663,2018-08-23T19:37:30Z,201.201.215.88,Anonymous,75247,[]
62818,|Odín|,0,110144666,2018-08-23T19:37:37Z,4980693,|SeroBOT|,75189,[]
62818,|Odín|,0,110369724,2018-09-02T16:16:18Z,5133537,|Atorvast|,75202,['refactoring']
62818,|Odín|,0,110839360,2018-09-25T05:12:54Z,181.171.134.126,Anonymous,75237,[]
62818,|Odín|,0,110839361,2018-09-25T05:12:59Z,4980693,|SeroBOT|,75202,[]
62818,|Odín|,0,110839384,2018-09-25T05:15:09Z,181.171.134.126,Anonymous,75252,['wikification']
62818,|Odín|,0,110839417,2018-09-25T05:18:18Z,181.171.134.126,Anonymous,75203,['wikification']
62818,|Odín|,0,110839427,2018-09-25T05:19:06Z,292327,|Technopat|,75202,['wikification']
62818,|Odín|,0,110839441,2018-09-25T05:20:30Z,181.171.134.126,Anonymous,75195,[]
62818,|Odín|,0,110839448,2018-09-25T05:21:00Z,292327,|Technopat|,75202,['wikification']
62818,|Odín|,0,110839482,2018-09-25T05:24:20Z,181.171.134.126,Anonymous,75240,[]
62818,|Odín|,0,110839485,2018-09-25T05:24:26Z,4980693,|SeroBOT|,75202,[]
62818,|Odín|,0,110887814,2018-09-27T00:13:16Z,189.202.59.106,Anonymous,75235,[]
62818,|Odín|,0,110887822,2018-09-27T00:13:20Z,4980693,|SeroBOT|,75202,['copy-editing']
62818,|Odín|,0,111028658,2018-10-03T11:45:40Z,186.141.199.55,Anonymous,75235,[]
62818,|Odín|,0,111028661,2018-10-03T11:45:44Z,4980693,|SeroBOT|,75202,[]
62818,|Odín|,0,111135327,2018-10-08T10:36:52Z,5150080,|Nathan Aarenskov|,75203,['copy-editing']
62818,|Odín|,0,111169279,2018-10-09T19:23:06Z,162.127.124.101,Anonymous,75594,"['wikification', 'elaboration']"
62818,|Odín|,0,111181447,2018-10-10T09:02:31Z,54529,|Patrickpedia|,75203,[]
62818,|Odín|,0,111199835,2018-10-11T04:09:09Z,92.191.225.39,Anonymous,75204,[]
62818,|Odín|,0,111199836,2018-10-11T04:09:14Z,4980693,|SeroBOT|,75203,[]
62818,|Odín|,0,111507053,2018-10-24T17:28:47Z,190.160.158.118,Anonymous,75225,[]
62818,|Odín|,0,111507070,2018-10-24T17:29:16Z,292327,|Technopat|,75203,[]
62818,|Odín|,0,112248678,2018-11-25T01:40:04Z,2197775,|Jose Barreto Cegarra|,75210,['wikification']
62818,|Odín|,0,112281391,2018-11-26T16:35:58Z,181.176.76.11,Anonymous,75214,['vandalism']
62818,|Odín|,0,112281393,2018-11-26T16:36:00Z,4980693,|SeroBOT|,75210,[]
62818,|Odín|,0,112437218,2018-12-03T23:08:04Z,206.132.109.101,Anonymous,75227,[]
62818,|Odín|,0,112437220,2018-12-03T23:08:07Z,4980693,|SeroBOT|,75210,['counter-vandalism']
62818,|Odín|,0,112830216,2018-12-23T01:51:51Z,190.45.113.48,Anonymous,74962,[]
62818,|Odín|,0,112830255,2018-12-23T01:54:20Z,936194,|Jkbw|,75210,[]
62818,|Odín|,0,113591358,2019-01-28T16:30:54Z,5311801,|EW1N3W|,75255,[]
62818,|Odín|,0,113591360,2019-01-28T16:30:58Z,4980693,|SeroBOT|,75210,[]
62818,|Odín|,0,113623779,2019-01-29T23:30:43Z,5313670,|Nicolsilla|,75306,[]
62818,|Odín|,0,113623782,2019-01-29T23:30:47Z,4980693,|SeroBOT|,75210,[]
62818,|Odín|,0,113896521,2019-02-12T00:49:45Z,190.60.103.155,Anonymous,75187,[]
62818,|Odín|,0,113896579,2019-02-12T00:53:46Z,936194,|Jkbw|,75210,['wikification']
62818,|Odín|,0,113953431,2019-02-14T15:59:39Z,7493,|Jlpoveda|,75209,['copy-editing']
